RaffleMailingDate,Title,Gender,RecruitmentSource,LotteryPlays,UniqueId
2022-01-03 00:00:00,Ms,F,DRTV,,28bf7f08-443d-11ef-b4f6-6045bdd1caa7
2022-01-03 00:00:00,Mrs,F,INSERT,,28bf7fee-443d-11ef-b4f6-6045bdd1caa7
2022-01-03 00:00:00,Mr,M,ONLINE,,28bf8016-443d-11ef-b4f6-6045bdd1caa7
2022-01-03 00:00:00,Mr,M,DMAIL,,28bf802a-443d-11ef-b4f6-6045bdd1caa7
2022-01-03 00:00:00,Mrs,F,DMAIL,,28bf8034-443d-11ef-b4f6-6045bdd1caa7
2022-01-03 00:00:00,Miss,F,ONLINE,,28bf8048-443d-11ef-b4f6-6045bdd1caa7
2022-01-03 00:00:00,Mrs,F,DDROP,,28bf805c-443d-11ef-b4f6-6045bdd1caa7
2022-01-03 00:00:00,Ms,F,DRTV,,28bf8070-443d-11ef-b4f6-6045bdd1caa7
2022-01-03 00:00:00,Miss,F,ONLINE,50.0,28bf807a-443d-11ef-b4f6-6045bdd1caa7
2022-01-03 00:00:00,Mrs,F,COLDTM,,28bf808e-443d-11ef-b4f6-6045bdd1caa7
2022-01-03 00:00:00,Mrs,F,ONLINE,,28bf8098-443d-11ef-b4f6-6045bdd1caa7
2022-01-03 00:00:00,,,OTHER,,28bf80b6-443d-11ef-b4f6-6045bdd1caa7
2022-01-03 00:00:00,Mr,M,PRESS,,28bf80ca-443d-11ef-b4f6-6045bdd1caa7
2022-01-03 00:00:00,Mrs,F,DDROP,,28bf80de-443d-11ef-b4f6-6045bdd1caa7
2022-01-03 00:00:00,Mrs,F,FSTOP,8.0,28bf80e8-443d-11ef-b4f6-6045bdd1caa7
2022-01-03 00:00:00,Mrs,F,COLDTM,92.0,28bf80fc-443d-11ef-b4f6-6045bdd1caa7
2022-01-03 00:00:00,Mrs,F,000000,,28bf8110-443d-11ef-b4f6-6045bdd1caa7
2022-01-03 00:00:00,Mrs,F,ONLINE,,28bf811a-443d-11ef-b4f6-6045bdd1caa7
2022-01-03 00:00:00,Mrs,F,DDROP,,28bf812e-443d-11ef-b4f6-6045bdd1caa7
2022-01-03 00:00:00,Mrs,F,121,,28bf8142-443d-11ef-b4f6-6045bdd1caa7
2022-01-03 00:00:00,Mr,M,DDROP,,28bf814c-443d-11ef-b4f6-6045bdd1caa7
2022-01-03 00:00:00,Mr,M,DRTV,,28bf8160-443d-11ef-b4f6-6045bdd1caa7
2022-01-03 00:00:00,Ms,F,COLDTM,,28bf817e-443d-11ef-b4f6-6045bdd1caa7
2022-01-03 00:00:00,,,DRTV,,28bf8192-443d-11ef-b4f6-6045bdd1caa7
2022-01-03 00:00:00,Mrs,F,000000,,28bf81a6-443d-11ef-b4f6-6045bdd1caa7
2022-01-03 00:00:00,Ms,F,121,,28bf81ba-443d-11ef-b4f6-6045bdd1caa7
2022-01-03 00:00:00,Ms,F,DRTV,,28bf81c4-443d-11ef-b4f6-6045bdd1caa7
2022-01-03 00:00:00,Mrs,F,DRTV,,28bf81d8-443d-11ef-b4f6-6045bdd1caa7
2022-01-03 00:00:00,Mrs,F,DMAIL,,28bf81e2-443d-11ef-b4f6-6045bdd1caa7
2022-01-03 00:00:00,Mrs,F,DRTV,,28bf81f6-443d-11ef-b4f6-6045bdd1caa7
2022-01-03 00:00:00,Mrs,F,CATAL,,28bf8200-443d-11ef-b4f6-6045bdd1caa7
2022-01-03 00:00:00,Mrs,F,DDROP,,28bf8214-443d-11ef-b4f6-6045bdd1caa7
2022-01-03 00:00:00,Mr,M,WARM,,28bf8228-443d-11ef-b4f6-6045bdd1caa7
2022-01-03 00:00:00,Mrs,F,DMAIL,,28bf8232-443d-11ef-b4f6-6045bdd1caa7
2022-01-03 00:00:00,,,DMAIL,,28bf8246-443d-11ef-b4f6-6045bdd1caa7
2022-01-03 00:00:00,Mr,M,DRTV,,28bf8250-443d-11ef-b4f6-6045bdd1caa7
2022-01-03 00:00:00,Mrs,F,DRTV,,28bf8264-443d-11ef-b4f6-6045bdd1caa7
2022-01-03 00:00:00,Mrs,F,FSTOP,,28bf826e-443d-11ef-b4f6-6045bdd1caa7
2022-01-03 00:00:00,Mrs,F,DRTV,,28bf8282-443d-11ef-b4f6-6045bdd1caa7
2022-01-03 00:00:00,Mrs,F,OTHER,,28bf828c-443d-11ef-b4f6-6045bdd1caa7
2022-01-03 00:00:00,Mrs,F,DRTV,98.0,28bf82a0-443d-11ef-b4f6-6045bdd1caa7
2022-01-03 00:00:00,Mr,M,DMAIL,,28bf82aa-443d-11ef-b4f6-6045bdd1caa7
2022-01-03 00:00:00,Mrs,F,DMAIL,,28bf82be-443d-11ef-b4f6-6045bdd1caa7
2022-01-03 00:00:00,Mrs,F,DMAIL,,28bf82dc-443d-11ef-b4f6-6045bdd1caa7
2022-01-03 00:00:00,Mr,M,DMAIL,,28bf82e6-443d-11ef-b4f6-6045bdd1caa7
2022-01-03 00:00:00,Mrs,F,NATEVT,,28bf82fa-443d-11ef-b4f6-6045bdd1caa7
2022-01-03 00:00:00,Mrs,F,DDROP,,28bf8304-443d-11ef-b4f6-6045bdd1caa7
2022-01-03 00:00:00,Mrs,F,WARM,,28bf8318-443d-11ef-b4f6-6045bdd1caa7
2022-01-03 00:00:00,Miss,F,DMAIL,,28bf8322-443d-11ef-b4f6-6045bdd1caa7
2022-01-03 00:00:00,Mr,M,DDROP,,28bf8336-443d-11ef-b4f6-6045bdd1caa7
2022-01-03 00:00:00,Mr,M,ONLINE,,28bf8340-443d-11ef-b4f6-6045bdd1caa7
2022-01-03 00:00:00,Mrs,F,COLDTM,,28bf8354-443d-11ef-b4f6-6045bdd1caa7
2022-01-03 00:00:00,Mr,M,DDROP,,28bf8368-443d-11ef-b4f6-6045bdd1caa7
2022-01-03 00:00:00,Ms,F,OTHER,92.0,28bf8372-443d-11ef-b4f6-6045bdd1caa7
2022-01-03 00:00:00,Miss,F,DMAIL,,28bf8386-443d-11ef-b4f6-6045bdd1caa7
2022-01-03 00:00:00,Mrs,F,DMAIL,,28bf8390-443d-11ef-b4f6-6045bdd1caa7
2022-01-03 00:00:00,Mrs,F,DDROP,,28bf83a4-443d-11ef-b4f6-6045bdd1caa7
2022-01-03 00:00:00,Mr,M,DDROP,,28bf83ae-443d-11ef-b4f6-6045bdd1caa7
2022-01-03 00:00:00,Mrs,F,ONLINE,,28bf83c2-443d-11ef-b4f6-6045bdd1caa7
2022-01-03 00:00:00,Ms,F,DMAIL,,28bf83cc-443d-11ef-b4f6-6045bdd1caa7
2022-01-03 00:00:00,Mrs,F,DDROP,,28bf83e0-443d-11ef-b4f6-6045bdd1caa7
2022-01-03 00:00:00,,,ONLINE,,28bf83ea-443d-11ef-b4f6-6045bdd1caa7
2022-01-03 00:00:00,Mrs,F,DMAIL,,28bf83fe-443d-11ef-b4f6-6045bdd1caa7
2022-01-03 00:00:00,Mrs,F,DRTV,,28bf8408-443d-11ef-b4f6-6045bdd1caa7
2022-01-03 00:00:00,Mrs,F,ONLINE,,28bf841c-443d-11ef-b4f6-6045bdd1caa7
2022-01-03 00:00:00,Mr,M,000000,,28bf8430-443d-11ef-b4f6-6045bdd1caa7
2022-01-03 00:00:00,Mrs,F,DRTV,,28bf843a-443d-11ef-b4f6-6045bdd1caa7
2022-01-03 00:00:00,Mrs,F,DRTV,,28bf844e-443d-11ef-b4f6-6045bdd1caa7
2022-01-03 00:00:00,Mrs,F,DMAIL,,28bf8458-443d-11ef-b4f6-6045bdd1caa7
2022-01-03 00:00:00,Mr,M,COLDTM,,28bf846c-443d-11ef-b4f6-6045bdd1caa7
2022-01-03 00:00:00,Mrs,F,COLDTM,,28bf8476-443d-11ef-b4f6-6045bdd1caa7
2022-01-03 00:00:00,Mr,M,DMAIL,3.0,28bf848a-443d-11ef-b4f6-6045bdd1caa7
2022-01-03 00:00:00,Mrs,F,DMAIL,,28bf8494-443d-11ef-b4f6-6045bdd1caa7
2022-01-03 00:00:00,Mrs,F,000000,,28bf84a8-443d-11ef-b4f6-6045bdd1caa7
2022-01-03 00:00:00,Miss,F,121,,28bf84b2-443d-11ef-b4f6-6045bdd1caa7
2022-01-03 00:00:00,Mr,M,DRTV,,28bf84c6-443d-11ef-b4f6-6045bdd1caa7
2022-01-03 00:00:00,Mrs,F,DMAIL,,28bf84da-443d-11ef-b4f6-6045bdd1caa7
2022-01-03 00:00:00,Mr,M,DDROP,,28bf84e4-443d-11ef-b4f6-6045bdd1caa7
2022-01-03 00:00:00,Mrs,F,DRTV,,28bf84f8-443d-11ef-b4f6-6045bdd1caa7
2022-01-03 00:00:00,Ms,F,PRESS,,28bf8502-443d-11ef-b4f6-6045bdd1caa7
2022-01-03 00:00:00,Mrs,F,DDROP,,28bf8516-443d-11ef-b4f6-6045bdd1caa7
2022-01-03 00:00:00,Mrs,F,DDROP,,28bf8520-443d-11ef-b4f6-6045bdd1caa7
2022-01-03 00:00:00,Mr,M,DDROP,,28bf8534-443d-11ef-b4f6-6045bdd1caa7
2022-01-03 00:00:00,Mrs,F,DDROP,,28bf853e-443d-11ef-b4f6-6045bdd1caa7
2022-01-03 00:00:00,Mr,M,DMAIL,,28bf8552-443d-11ef-b4f6-6045bdd1caa7
2022-01-03 00:00:00,Mrs,F,COLDTM,,28bf855c-443d-11ef-b4f6-6045bdd1caa7
2022-01-03 00:00:00,Mr,M,INSERT,,28bf8584-443d-11ef-b4f6-6045bdd1caa7
2022-01-03 00:00:00,Mr,M,DRTV,,28bf8598-443d-11ef-b4f6-6045bdd1caa7
2022-01-03 00:00:00,Mrs,F,DRTV,,28bf85a2-443d-11ef-b4f6-6045bdd1caa7
2022-01-03 00:00:00,Miss,F,WARM,,28bf85b6-443d-11ef-b4f6-6045bdd1caa7
2022-01-03 00:00:00,Ms,F,DDROP,,28bf85c0-443d-11ef-b4f6-6045bdd1caa7
2022-01-03 00:00:00,Ms,F,DMAIL,,28bf85d4-443d-11ef-b4f6-6045bdd1caa7
2022-01-03 00:00:00,Mrs,F,WARM,,28bf85de-443d-11ef-b4f6-6045bdd1caa7
2022-01-03 00:00:00,Mr,M,121,,28bf85f2-443d-11ef-b4f6-6045bdd1caa7
2022-01-03 00:00:00,Mrs,F,DDROP,,28bf85fc-443d-11ef-b4f6-6045bdd1caa7
2022-01-03 00:00:00,Mr,M,DRTV,,28bf8610-443d-11ef-b4f6-6045bdd1caa7
2022-01-03 00:00:00,Mrs,F,000000,,28bf861a-443d-11ef-b4f6-6045bdd1caa7
2022-01-03 00:00:00,Mr,M,DRTV,,28bf862e-443d-11ef-b4f6-6045bdd1caa7
2022-01-03 00:00:00,Mrs,F,DRTV,,28bf8642-443d-11ef-b4f6-6045bdd1caa7
2022-01-03 00:00:00,Mrs,F,DMAIL,,28bf864c-443d-11ef-b4f6-6045bdd1caa7
2022-01-03 00:00:00,Mr,M,121,,28bf8660-443d-11ef-b4f6-6045bdd1caa7
2022-01-03 00:00:00,Mrs,F,DRTV,,28bf866a-443d-11ef-b4f6-6045bdd1caa7
2022-01-03 00:00:00,Mrs,F,DMAIL,,28bf867e-443d-11ef-b4f6-6045bdd1caa7
2022-01-03 00:00:00,Mrs,F,DMAIL,,28bf8688-443d-11ef-b4f6-6045bdd1caa7
2022-01-03 00:00:00,Ms,F,DDROP,,28bf869c-443d-11ef-b4f6-6045bdd1caa7
2022-01-03 00:00:00,Mrs,F,121,,28bf86a6-443d-11ef-b4f6-6045bdd1caa7
2022-01-03 00:00:00,Ms,F,COLDTM,,28bf86ba-443d-11ef-b4f6-6045bdd1caa7
2022-01-03 00:00:00,Mr,M,DRTV,,28bf86ce-443d-11ef-b4f6-6045bdd1caa7
2022-01-03 00:00:00,Mrs,F,,,28bf86d8-443d-11ef-b4f6-6045bdd1caa7
2022-01-03 00:00:00,Mrs,F,DRTV,,28bf86ec-443d-11ef-b4f6-6045bdd1caa7
2022-01-03 00:00:00,Mr,M,ONLINE,1.0,28bf86f6-443d-11ef-b4f6-6045bdd1caa7
2022-01-03 00:00:00,Mrs,F,DDROP,,28bf870a-443d-11ef-b4f6-6045bdd1caa7
2022-01-03 00:00:00,Mrs,F,FSTOP,,28bf8714-443d-11ef-b4f6-6045bdd1caa7
2022-01-03 00:00:00,Mrs,F,000000,,28bf8728-443d-11ef-b4f6-6045bdd1caa7
2022-01-03 00:00:00,Mr,M,PRESS,,28bf8732-443d-11ef-b4f6-6045bdd1caa7
2022-01-03 00:00:00,Mr,M,WARM,,28bf8746-443d-11ef-b4f6-6045bdd1caa7
2022-01-03 00:00:00,Mrs,F,DMAIL,,28bf8750-443d-11ef-b4f6-6045bdd1caa7
2022-01-03 00:00:00,Mrs,F,DMAIL,,28bf8764-443d-11ef-b4f6-6045bdd1caa7
2022-01-03 00:00:00,Mrs,F,DRTV,,28bf876e-443d-11ef-b4f6-6045bdd1caa7
2022-01-03 00:00:00,Mrs,F,DRTV,,28bf8782-443d-11ef-b4f6-6045bdd1caa7
2022-01-03 00:00:00,Mrs,F,COLDTM,,28bf8796-443d-11ef-b4f6-6045bdd1caa7
2022-01-03 00:00:00,Mrs,F,DRTV,,28bf87a0-443d-11ef-b4f6-6045bdd1caa7
2022-01-03 00:00:00,Ms,F,ONLINE,20.0,28bf87b4-443d-11ef-b4f6-6045bdd1caa7
2022-01-03 00:00:00,Mrs,F,000000,,28bf87be-443d-11ef-b4f6-6045bdd1caa7
2022-01-03 00:00:00,Mr,M,DDROP,,28bf87d2-443d-11ef-b4f6-6045bdd1caa7
2022-01-03 00:00:00,Mrs,F,ONLINE,,28bf87dc-443d-11ef-b4f6-6045bdd1caa7
2022-01-03 00:00:00,Mr,M,COLDTM,,28bf87f0-443d-11ef-b4f6-6045bdd1caa7
2022-01-03 00:00:00,Miss,F,WARM,,28bf87fa-443d-11ef-b4f6-6045bdd1caa7
2022-01-03 00:00:00,Mrs,F,DMAIL,,28bf880e-443d-11ef-b4f6-6045bdd1caa7
2022-01-03 00:00:00,Mrs,F,COLDTM,,28bf8818-443d-11ef-b4f6-6045bdd1caa7
2022-01-03 00:00:00,,,DDROP,,28bf882c-443d-11ef-b4f6-6045bdd1caa7
2022-01-03 00:00:00,Mr,M,DRTV,,28bf8836-443d-11ef-b4f6-6045bdd1caa7
2022-01-03 00:00:00,Mr,M,DDROP,,28bf884a-443d-11ef-b4f6-6045bdd1caa7
2022-01-03 00:00:00,Mrs,F,DMAIL,,28bf8854-443d-11ef-b4f6-6045bdd1caa7
2022-01-03 00:00:00,Miss,F,DDROP,,28bf8868-443d-11ef-b4f6-6045bdd1caa7
2022-01-03 00:00:00,Mrs,F,DMAIL,,28bf8872-443d-11ef-b4f6-6045bdd1caa7
2022-01-03 00:00:00,Mr,M,WARM,,28bf8886-443d-11ef-b4f6-6045bdd1caa7
2022-01-03 00:00:00,Mr,M,DDROP,,28bf8890-443d-11ef-b4f6-6045bdd1caa7
2022-01-03 00:00:00,Mr,M,DRTV,,28bf88a4-443d-11ef-b4f6-6045bdd1caa7
2022-01-03 00:00:00,Mrs,F,DMAIL,,28bf88ae-443d-11ef-b4f6-6045bdd1caa7
2022-01-03 00:00:00,Mr,M,DDROP,,28bf88c2-443d-11ef-b4f6-6045bdd1caa7
2022-01-03 00:00:00,Mr,M,121,,28bf88d6-443d-11ef-b4f6-6045bdd1caa7
2022-01-03 00:00:00,Mrs,F,DDROP,,28bf88e0-443d-11ef-b4f6-6045bdd1caa7
2022-01-03 00:00:00,Ms,F,DDROP,,28bf88f4-443d-11ef-b4f6-6045bdd1caa7
2022-01-03 00:00:00,,,ONLINE,,28bf88fe-443d-11ef-b4f6-6045bdd1caa7
2022-01-03 00:00:00,Mrs,F,COLDTM,,28bf8912-443d-11ef-b4f6-6045bdd1caa7
2022-01-03 00:00:00,Mrs,F,DDROP,,28bf891c-443d-11ef-b4f6-6045bdd1caa7
2022-01-03 00:00:00,Dr,,ONLINE,,28bf8930-443d-11ef-b4f6-6045bdd1caa7
2022-01-03 00:00:00,Ms,F,COLDTM,,28bf8944-443d-11ef-b4f6-6045bdd1caa7
2022-01-03 00:00:00,Mr,M,WARM,,28bf8958-443d-11ef-b4f6-6045bdd1caa7
2022-01-03 00:00:00,Mrs,F,ONLINE,,28bf8962-443d-11ef-b4f6-6045bdd1caa7
2022-01-03 00:00:00,Mrs,F,DRTV,92.0,28bf8976-443d-11ef-b4f6-6045bdd1caa7
2022-01-03 00:00:00,Mr,M,DRTV,,28bf898a-443d-11ef-b4f6-6045bdd1caa7
2022-01-03 00:00:00,Mrs,F,DDROP,,28bf8994-443d-11ef-b4f6-6045bdd1caa7
2022-01-03 00:00:00,Mrs,F,DMAIL,,28bf89a8-443d-11ef-b4f6-6045bdd1caa7
2022-01-03 00:00:00,Mrs,F,COLDTM,,28bf89b2-443d-11ef-b4f6-6045bdd1caa7
2022-01-03 00:00:00,Mr,M,DDROP,,28bf89c6-443d-11ef-b4f6-6045bdd1caa7
2022-01-03 00:00:00,Mrs,F,ONLINE,,28bf89da-443d-11ef-b4f6-6045bdd1caa7
2022-01-03 00:00:00,Mrs,F,DRTV,,28bf89e4-443d-11ef-b4f6-6045bdd1caa7
2022-01-03 00:00:00,Mrs,F,DMAIL,,28bf89f8-443d-11ef-b4f6-6045bdd1caa7
2022-01-03 00:00:00,Mrs,F,DMAIL,92.0,28bf8a02-443d-11ef-b4f6-6045bdd1caa7
2022-01-03 00:00:00,Mr,M,DMAIL,,28bf8a16-443d-11ef-b4f6-6045bdd1caa7
2022-01-03 00:00:00,Mrs,F,DDROP,,28bf8a2a-443d-11ef-b4f6-6045bdd1caa7
2022-01-03 00:00:00,Mr,M,DMAIL,,28bf8a34-443d-11ef-b4f6-6045bdd1caa7
2022-01-03 00:00:00,Ms,F,DDROP,,28bf8a48-443d-11ef-b4f6-6045bdd1caa7
2022-01-03 00:00:00,Mr,M,COLDTM,,28bf8a5c-443d-11ef-b4f6-6045bdd1caa7
2022-01-03 00:00:00,Mr,M,CATAL,,28bf8a66-443d-11ef-b4f6-6045bdd1caa7
2022-01-03 00:00:00,Mrs,F,DDROP,,28bf8a7a-443d-11ef-b4f6-6045bdd1caa7
2022-01-03 00:00:00,Mrs,F,FSTOP,,28bf8a8e-443d-11ef-b4f6-6045bdd1caa7
2022-01-03 00:00:00,Mrs,F,000000,,28bf8a98-443d-11ef-b4f6-6045bdd1caa7
2022-01-03 00:00:00,Mrs,F,DDROP,,28bf8aac-443d-11ef-b4f6-6045bdd1caa7
2022-01-03 00:00:00,Mr,M,000000,,28bf8ad4-443d-11ef-b4f6-6045bdd1caa7
2022-01-03 00:00:00,Mrs,F,DRTV,,28bf8ae8-443d-11ef-b4f6-6045bdd1caa7
2022-01-03 00:00:00,Mrs,F,000000,,28bf8af2-443d-11ef-b4f6-6045bdd1caa7
2022-01-03 00:00:00,Mr,M,DDROP,,28bf8b06-443d-11ef-b4f6-6045bdd1caa7
2022-01-03 00:00:00,Mrs,F,ONLINE,,28bf8b10-443d-11ef-b4f6-6045bdd1caa7
2022-01-03 00:00:00,Ms,F,DDROP,,28bf8b24-443d-11ef-b4f6-6045bdd1caa7
2022-01-03 00:00:00,Miss,F,DDROP,,28bf8b38-443d-11ef-b4f6-6045bdd1caa7
2022-01-03 00:00:00,Mrs,F,DRTV,,28bf8b42-443d-11ef-b4f6-6045bdd1caa7
2022-01-03 00:00:00,Mrs,F,DDROP,,28bf8b56-443d-11ef-b4f6-6045bdd1caa7
2022-01-03 00:00:00,Mrs,F,DDROP,,28bf8b60-443d-11ef-b4f6-6045bdd1caa7
2022-01-03 00:00:00,Mrs,F,DDROP,,28bf8b74-443d-11ef-b4f6-6045bdd1caa7
2022-01-03 00:00:00,Mr,M,DMAIL,,28bf8b7e-443d-11ef-b4f6-6045bdd1caa7
2022-01-03 00:00:00,Mr,M,DMAIL,,28bf8b92-443d-11ef-b4f6-6045bdd1caa7
2022-01-03 00:00:00,Mr,M,DMAIL,,28bf8ba6-443d-11ef-b4f6-6045bdd1caa7
2022-01-03 00:00:00,Mr,M,DDROP,,28bf8bb0-443d-11ef-b4f6-6045bdd1caa7
2022-01-03 00:00:00,Ms,F,000000,,28bf8bc4-443d-11ef-b4f6-6045bdd1caa7
2022-01-03 00:00:00,Mrs,F,WARM,,28bf8bce-443d-11ef-b4f6-6045bdd1caa7
2022-01-03 00:00:00,Mrs,F,DMAIL,,28bf8be2-443d-11ef-b4f6-6045bdd1caa7
2022-01-03 00:00:00,Mr,M,RADIO,,28bf8bf6-443d-11ef-b4f6-6045bdd1caa7
2022-01-03 00:00:00,Mrs,F,COLDTM,,28bf8c00-443d-11ef-b4f6-6045bdd1caa7
2022-01-03 00:00:00,Mrs,F,121,77.0,28bf8c14-443d-11ef-b4f6-6045bdd1caa7
2022-01-03 00:00:00,Mrs,F,000000,,28bf8c1e-443d-11ef-b4f6-6045bdd1caa7
2022-01-03 00:00:00,Mrs,F,DMAIL,,28bf8c32-443d-11ef-b4f6-6045bdd1caa7
2022-01-03 00:00:00,Mrs,F,WARM,,28bf8c46-443d-11ef-b4f6-6045bdd1caa7
2022-01-03 00:00:00,Ms,F,DMAIL,,28bf8c5a-443d-11ef-b4f6-6045bdd1caa7
2022-01-03 00:00:00,Mr,M,DMAIL,,28bf8c64-443d-11ef-b4f6-6045bdd1caa7
2022-01-03 00:00:00,Mrs,F,FSTOP,,28bf8c78-443d-11ef-b4f6-6045bdd1caa7
2022-01-03 00:00:00,Mr,M,COLDTM,,28bf8c82-443d-11ef-b4f6-6045bdd1caa7
2022-01-03 00:00:00,Mr,M,WARM,,28bf8c96-443d-11ef-b4f6-6045bdd1caa7
2022-01-03 00:00:00,Mrs,F,DMAIL,,28bf8caa-443d-11ef-b4f6-6045bdd1caa7
2022-01-03 00:00:00,Mrs,F,DMAIL,,28bf8cb4-443d-11ef-b4f6-6045bdd1caa7
2022-01-03 00:00:00,Mr,M,INSERT,,28bf8cc8-443d-11ef-b4f6-6045bdd1caa7
2022-01-03 00:00:00,Mrs,F,DRTV,,28bf8cdc-443d-11ef-b4f6-6045bdd1caa7
2022-01-03 00:00:00,Ms,F,DMAIL,,28bf8ce6-443d-11ef-b4f6-6045bdd1caa7
2022-01-03 00:00:00,Mrs,F,DMAIL,,28bf8cfa-443d-11ef-b4f6-6045bdd1caa7
2022-01-03 00:00:00,Mrs,F,DMAIL,,28bf8d0e-443d-11ef-b4f6-6045bdd1caa7
2022-01-03 00:00:00,Ms,F,DMAIL,,28bf8d18-443d-11ef-b4f6-6045bdd1caa7
2022-01-03 00:00:00,Mrs,F,DRTV,,28bf8d2c-443d-11ef-b4f6-6045bdd1caa7
2022-01-03 00:00:00,Mrs,F,DDROP,,28bf8d36-443d-11ef-b4f6-6045bdd1caa7
2022-01-03 00:00:00,Mr,M,DMAIL,,28bf8d4a-443d-11ef-b4f6-6045bdd1caa7
2022-01-03 00:00:00,Mrs,F,INSERT,,28bf8d54-443d-11ef-b4f6-6045bdd1caa7
2022-01-03 00:00:00,Mr,M,NATEVT,,28bf8d68-443d-11ef-b4f6-6045bdd1caa7
2022-01-03 00:00:00,Mrs,F,RADIO,,28bf8d7c-443d-11ef-b4f6-6045bdd1caa7
2022-01-03 00:00:00,Dr,,DMAIL,,28bf8d86-443d-11ef-b4f6-6045bdd1caa7
2022-01-03 00:00:00,Mrs,F,CATAL,,28bf8d9a-443d-11ef-b4f6-6045bdd1caa7
2022-01-03 00:00:00,Mrs,F,WARM,7.0,28bf8dae-443d-11ef-b4f6-6045bdd1caa7
2022-01-03 00:00:00,Mrs,F,DMAIL,,28bf8db8-443d-11ef-b4f6-6045bdd1caa7
2022-01-03 00:00:00,Ms,F,COLDTM,,28bf8dcc-443d-11ef-b4f6-6045bdd1caa7
2022-01-03 00:00:00,Mr,M,DMAIL,,28bf8dd6-443d-11ef-b4f6-6045bdd1caa7
2022-01-03 00:00:00,Mrs,F,DDROP,,28bf8dea-443d-11ef-b4f6-6045bdd1caa7
2022-01-03 00:00:00,Mrs,F,DRTV,,28bf8dfe-443d-11ef-b4f6-6045bdd1caa7
2022-01-03 00:00:00,Mrs,F,DDROP,,28bf8e08-443d-11ef-b4f6-6045bdd1caa7
2022-01-03 00:00:00,,,ONLINE,,28bf8e1c-443d-11ef-b4f6-6045bdd1caa7
2022-01-03 00:00:00,Mr,M,DDROP,,28bf8e26-443d-11ef-b4f6-6045bdd1caa7
2022-01-03 00:00:00,Mr,M,121,,28bf8e3a-443d-11ef-b4f6-6045bdd1caa7
2022-01-03 00:00:00,Miss,F,DRTV,,28bf8e4e-443d-11ef-b4f6-6045bdd1caa7
2022-01-03 00:00:00,Mrs,F,DRTV,,28bf8e58-443d-11ef-b4f6-6045bdd1caa7
2022-01-03 00:00:00,Mrs,F,DDROP,,28bf8e6c-443d-11ef-b4f6-6045bdd1caa7
2022-01-03 00:00:00,Mrs,F,000000,,28bf8e76-443d-11ef-b4f6-6045bdd1caa7
2022-01-03 00:00:00,Ms,F,DMAIL,,28bf8e8a-443d-11ef-b4f6-6045bdd1caa7
2022-01-03 00:00:00,Mrs,F,PRESS,,28bf8e9e-443d-11ef-b4f6-6045bdd1caa7
2022-01-03 00:00:00,Mrs,F,COLDTM,,28bf8ea8-443d-11ef-b4f6-6045bdd1caa7
2022-01-03 00:00:00,Mrs,F,DRTV,,28bf8ebc-443d-11ef-b4f6-6045bdd1caa7
2022-01-03 00:00:00,Mrs,F,DRTV,,28bf8ed0-443d-11ef-b4f6-6045bdd1caa7
2022-01-03 00:00:00,Ms,F,FSTOP,,28bf8eda-443d-11ef-b4f6-6045bdd1caa7
2022-01-03 00:00:00,Ms,F,DMAIL,,28bf8eee-443d-11ef-b4f6-6045bdd1caa7
2022-01-03 00:00:00,Mr,M,DDROP,,28bf8ef8-443d-11ef-b4f6-6045bdd1caa7
2022-01-03 00:00:00,Ms,F,DDROP,,28bf8f0c-443d-11ef-b4f6-6045bdd1caa7
2022-01-03 00:00:00,Mr,M,DMAIL,,28bf8f20-443d-11ef-b4f6-6045bdd1caa7
2022-01-03 00:00:00,Mr,M,COLDTM,,28bf8f2a-443d-11ef-b4f6-6045bdd1caa7
2022-01-03 00:00:00,Miss,F,000000,,28bf8f3e-443d-11ef-b4f6-6045bdd1caa7
2022-01-03 00:00:00,Mr,M,COLDTM,,28bf8f52-443d-11ef-b4f6-6045bdd1caa7
2022-01-03 00:00:00,Mr,M,DDROP,,28bf8f8e-443d-11ef-b4f6-6045bdd1caa7
2022-01-03 00:00:00,Mrs,F,NATEVT,,28bf8fac-443d-11ef-b4f6-6045bdd1caa7
2022-01-03 00:00:00,Mr,M,DDROP,,28bf8fca-443d-11ef-b4f6-6045bdd1caa7
2022-01-03 00:00:00,Mr,M,COLDTM,,28bf8fde-443d-11ef-b4f6-6045bdd1caa7
2022-01-03 00:00:00,Mr,M,DMAIL,,28bf8ffc-443d-11ef-b4f6-6045bdd1caa7
2022-01-03 00:00:00,Mr,M,DRTV,,28bf901a-443d-11ef-b4f6-6045bdd1caa7
2022-01-03 00:00:00,Mr,M,DDROP,,28bf90ce-443d-11ef-b4f6-6045bdd1caa7
2022-01-03 00:00:00,Mr,M,DMAIL,,28bf90d8-443d-11ef-b4f6-6045bdd1caa7
2022-01-03 00:00:00,Mr,M,WARM,,28bf90ec-443d-11ef-b4f6-6045bdd1caa7
2022-01-03 00:00:00,Mrs,F,000000,,28bf9100-443d-11ef-b4f6-6045bdd1caa7
2022-01-03 00:00:00,Ms,F,COLDTM,,28bf910a-443d-11ef-b4f6-6045bdd1caa7
2022-01-03 00:00:00,Mrs,F,COLDTM,,28bf911e-443d-11ef-b4f6-6045bdd1caa7
2022-01-03 00:00:00,Mrs,F,DRTV,,28bf9128-443d-11ef-b4f6-6045bdd1caa7
2022-01-03 00:00:00,Mr,M,DMAIL,,28bf913c-443d-11ef-b4f6-6045bdd1caa7
2022-01-03 00:00:00,Mrs,F,DMAIL,,28bf9150-443d-11ef-b4f6-6045bdd1caa7
2022-01-03 00:00:00,Mrs,F,DMAIL,,28bf915a-443d-11ef-b4f6-6045bdd1caa7
2022-01-03 00:00:00,Mrs,F,ONLINE,,28bf916e-443d-11ef-b4f6-6045bdd1caa7
2022-01-03 00:00:00,Mrs,F,FSTOP,,28bf9182-443d-11ef-b4f6-6045bdd1caa7
2022-01-03 00:00:00,Miss,F,COLDTM,,28bf9196-443d-11ef-b4f6-6045bdd1caa7
2022-01-03 00:00:00,,,ONLINE,,28bf91aa-443d-11ef-b4f6-6045bdd1caa7
2022-01-03 00:00:00,Mrs,F,DMAIL,,28bf91b4-443d-11ef-b4f6-6045bdd1caa7
2022-01-03 00:00:00,Mr,M,RADIO,,28bf91c8-443d-11ef-b4f6-6045bdd1caa7
2022-01-03 00:00:00,Mrs,F,DRTV,,28bf91dc-443d-11ef-b4f6-6045bdd1caa7
2022-01-03 00:00:00,Mrs,F,DMAIL,,28bf91e6-443d-11ef-b4f6-6045bdd1caa7
2022-01-03 00:00:00,Mrs,F,DDROP,,28bf91fa-443d-11ef-b4f6-6045bdd1caa7
2022-01-03 00:00:00,Mr,M,DRTV,,28bf9204-443d-11ef-b4f6-6045bdd1caa7
2022-01-03 00:00:00,Mr,M,DMAIL,,28bf9218-443d-11ef-b4f6-6045bdd1caa7
2022-01-03 00:00:00,Mrs,F,DRTV,,28bf922c-443d-11ef-b4f6-6045bdd1caa7
2022-01-03 00:00:00,Mrs,F,DDROP,,28bf9236-443d-11ef-b4f6-6045bdd1caa7
2022-01-03 00:00:00,Mrs,F,WARM,,28bf924a-443d-11ef-b4f6-6045bdd1caa7
2022-01-03 00:00:00,Mrs,F,FSTOP,,28bf925e-443d-11ef-b4f6-6045bdd1caa7
2022-01-03 00:00:00,Mr,M,FSTOP,,28bf9268-443d-11ef-b4f6-6045bdd1caa7
2022-01-03 00:00:00,Mrs,F,OTHER,,28bf927c-443d-11ef-b4f6-6045bdd1caa7
2022-01-03 00:00:00,Mrs,F,DRTV,,28bf9286-443d-11ef-b4f6-6045bdd1caa7
2022-01-03 00:00:00,Mrs,F,DRTV,,28bf929a-443d-11ef-b4f6-6045bdd1caa7
2022-01-03 00:00:00,Mrs,F,COLDTM,,28bf92ae-443d-11ef-b4f6-6045bdd1caa7
2022-01-03 00:00:00,Mr,M,DRTV,,28bf92b8-443d-11ef-b4f6-6045bdd1caa7
2022-01-03 00:00:00,Mrs,F,80519,,28bf92cc-443d-11ef-b4f6-6045bdd1caa7
2022-01-03 00:00:00,Mr,M,PRESS,,28bf92e0-443d-11ef-b4f6-6045bdd1caa7
2022-01-03 00:00:00,Mr,M,DDROP,,28bf92ea-443d-11ef-b4f6-6045bdd1caa7
2022-01-03 00:00:00,Mrs,F,ONLINE,10.0,28bf92fe-443d-11ef-b4f6-6045bdd1caa7
2022-01-03 00:00:00,Dr,,DRTV,,28bf9312-443d-11ef-b4f6-6045bdd1caa7
2022-01-03 00:00:00,Mr,M,DMAIL,,28bf931c-443d-11ef-b4f6-6045bdd1caa7
2022-01-03 00:00:00,Mr,M,DDROP,,28bf9330-443d-11ef-b4f6-6045bdd1caa7
2022-01-03 00:00:00,Miss,F,COLDTM,,28bf933a-443d-11ef-b4f6-6045bdd1caa7
2022-01-03 00:00:00,Ms,F,ONLINE,,28bf934e-443d-11ef-b4f6-6045bdd1caa7
2022-01-03 00:00:00,Mrs,F,DRTV,,28bf9362-443d-11ef-b4f6-6045bdd1caa7
2022-01-03 00:00:00,Mrs,F,CATAL,,28bf936c-443d-11ef-b4f6-6045bdd1caa7
2022-01-03 00:00:00,Miss,F,ONLINE,18.0,28bf9380-443d-11ef-b4f6-6045bdd1caa7
2022-01-03 00:00:00,Mrs,F,DMAIL,,28bf938a-443d-11ef-b4f6-6045bdd1caa7
2022-01-03 00:00:00,Mr,M,DMAIL,,28bf939e-443d-11ef-b4f6-6045bdd1caa7
2022-01-03 00:00:00,Dr,M,OTHER,,28bf93b2-443d-11ef-b4f6-6045bdd1caa7
2022-01-03 00:00:00,Mrs,F,DRTV,,28bf93bc-443d-11ef-b4f6-6045bdd1caa7
2022-01-03 00:00:00,,,ONLINE,,28bf93d0-443d-11ef-b4f6-6045bdd1caa7
2022-01-03 00:00:00,Mrs,F,000000,,28bf93da-443d-11ef-b4f6-6045bdd1caa7
2022-01-03 00:00:00,Mrs,F,DRTV,,28bf93ee-443d-11ef-b4f6-6045bdd1caa7
2022-01-03 00:00:00,Mrs,F,DRTV,,28bf93f8-443d-11ef-b4f6-6045bdd1caa7
2022-01-03 00:00:00,Ms,F,121,,28bf940c-443d-11ef-b4f6-6045bdd1caa7
2022-01-03 00:00:00,Mrs,F,DRTV,,28bf9416-443d-11ef-b4f6-6045bdd1caa7
2022-01-03 00:00:00,Mrs,F,DDROP,,28bf942a-443d-11ef-b4f6-6045bdd1caa7
2022-01-03 00:00:00,Miss,F,DDROP,,28bf9434-443d-11ef-b4f6-6045bdd1caa7
2022-01-03 00:00:00,Mrs,F,WARM,,28bf9448-443d-11ef-b4f6-6045bdd1caa7
2022-01-03 00:00:00,Ms,F,DMAIL,,28bf9452-443d-11ef-b4f6-6045bdd1caa7
2022-01-03 00:00:00,Mr,M,124151,,28bf9466-443d-11ef-b4f6-6045bdd1caa7
2022-01-03 00:00:00,Mrs,F,DMAIL,,28bf947a-443d-11ef-b4f6-6045bdd1caa7
2022-01-03 00:00:00,Miss,F,121,,28bf9484-443d-11ef-b4f6-6045bdd1caa7
2022-01-03 00:00:00,Mrs,F,DRTV,,28bf9498-443d-11ef-b4f6-6045bdd1caa7
2022-01-03 00:00:00,Mrs,F,DDROP,,28bf94a2-443d-11ef-b4f6-6045bdd1caa7
2022-01-03 00:00:00,Mrs,F,PRESS,,28bf94b6-443d-11ef-b4f6-6045bdd1caa7
2022-01-03 00:00:00,Mrs,F,121,,28bf94c0-443d-11ef-b4f6-6045bdd1caa7
2022-01-03 00:00:00,Mrs,F,DRTV,,28bf94d4-443d-11ef-b4f6-6045bdd1caa7
2022-01-03 00:00:00,Mr,M,DRTV,67.0,28bf94e8-443d-11ef-b4f6-6045bdd1caa7
2022-01-03 00:00:00,Mrs,F,DDROP,,28bf94f2-443d-11ef-b4f6-6045bdd1caa7
2022-01-03 00:00:00,Ms,F,COLDTM,,28bf9506-443d-11ef-b4f6-6045bdd1caa7
2022-01-03 00:00:00,Ms,F,DDROP,,28bf951a-443d-11ef-b4f6-6045bdd1caa7
2022-01-03 00:00:00,Mr,M,ONLINE,,28bf9524-443d-11ef-b4f6-6045bdd1caa7
2022-01-03 00:00:00,Mrs,F,DDROP,,28bf9538-443d-11ef-b4f6-6045bdd1caa7
2022-01-03 00:00:00,Mrs,F,DDROP,,28bf954c-443d-11ef-b4f6-6045bdd1caa7
2022-01-03 00:00:00,Dr,,INSERT,,28bf9556-443d-11ef-b4f6-6045bdd1caa7
2022-01-03 00:00:00,Mrs,F,DRTV,,28bf956a-443d-11ef-b4f6-6045bdd1caa7
2022-01-03 00:00:00,Mrs,F,WARM,,28bf957e-443d-11ef-b4f6-6045bdd1caa7
2022-01-03 00:00:00,Mrs,F,121,,28bf9588-443d-11ef-b4f6-6045bdd1caa7
2022-01-03 00:00:00,Mr,M,121,,28bf959c-443d-11ef-b4f6-6045bdd1caa7
2022-01-03 00:00:00,Mrs,F,DRTV,,28bf95b0-443d-11ef-b4f6-6045bdd1caa7
2022-01-03 00:00:00,Mrs,F,DMAIL,,28bf95ba-443d-11ef-b4f6-6045bdd1caa7
2022-01-03 00:00:00,Mrs,F,NATCOR,,28bf95ce-443d-11ef-b4f6-6045bdd1caa7
2022-01-03 00:00:00,Ms,F,DMAIL,,28bf95e2-443d-11ef-b4f6-6045bdd1caa7
2022-01-03 00:00:00,Mr,M,DMAIL,,28bf95f6-443d-11ef-b4f6-6045bdd1caa7
2022-01-03 00:00:00,Mrs,F,OTHER,,28bf9600-443d-11ef-b4f6-6045bdd1caa7
2022-01-03 00:00:00,Mrs,F,DRTV,,28bf9614-443d-11ef-b4f6-6045bdd1caa7
2022-01-03 00:00:00,Mrs,F,FSTOP,,28bf961e-443d-11ef-b4f6-6045bdd1caa7
2022-01-03 00:00:00,Mrs,F,DMAIL,,28bf9632-443d-11ef-b4f6-6045bdd1caa7
2022-01-03 00:00:00,Mrs,F,DDROP,,28bf9646-443d-11ef-b4f6-6045bdd1caa7
2022-01-03 00:00:00,Mrs,F,DRTV,,28bf9650-443d-11ef-b4f6-6045bdd1caa7
2022-01-03 00:00:00,Ms,F,DDROP,,28bf9664-443d-11ef-b4f6-6045bdd1caa7
2022-01-03 00:00:00,Mr,M,RADIO,81.0,28bf9678-443d-11ef-b4f6-6045bdd1caa7
2022-01-03 00:00:00,Mrs,F,DMAIL,,28bf9682-443d-11ef-b4f6-6045bdd1caa7
2022-01-03 00:00:00,Mrs,F,121,158.0,28bf9696-443d-11ef-b4f6-6045bdd1caa7
2022-01-03 00:00:00,Mrs,F,DRTV,,28bf96a0-443d-11ef-b4f6-6045bdd1caa7
2022-01-03 00:00:00,Mrs,F,DDROP,,28bf96dc-443d-11ef-b4f6-6045bdd1caa7
2022-01-03 00:00:00,Mrs,F,121,174.0,28bf96f0-443d-11ef-b4f6-6045bdd1caa7
2022-01-03 00:00:00,Mr,M,OTHER,,28bf9704-443d-11ef-b4f6-6045bdd1caa7
2022-01-03 00:00:00,Mr,M,DMAIL,,28bf970e-443d-11ef-b4f6-6045bdd1caa7
2022-01-03 00:00:00,Mr,M,DMAIL,,28bf9722-443d-11ef-b4f6-6045bdd1caa7
2022-01-03 00:00:00,Ms,F,DMAIL,,28bf972c-443d-11ef-b4f6-6045bdd1caa7
2022-01-03 00:00:00,Mrs,F,DMAIL,22.0,28bf9740-443d-11ef-b4f6-6045bdd1caa7
2022-01-03 00:00:00,Mrs,F,DRTV,,28bf9754-443d-11ef-b4f6-6045bdd1caa7
2022-01-03 00:00:00,Mr,M,DMAIL,,28bf975e-443d-11ef-b4f6-6045bdd1caa7
2022-01-03 00:00:00,Mrs,F,DRTV,,28bf9772-443d-11ef-b4f6-6045bdd1caa7
2022-01-03 00:00:00,Mrs,F,DMAIL,,28bf977c-443d-11ef-b4f6-6045bdd1caa7
2022-01-03 00:00:00,Mr,M,DMAIL,,28bf9790-443d-11ef-b4f6-6045bdd1caa7
2022-01-03 00:00:00,Mrs,F,DMAIL,,28bf979a-443d-11ef-b4f6-6045bdd1caa7
2022-01-03 00:00:00,Mrs,F,DRTV,,28bf97ae-443d-11ef-b4f6-6045bdd1caa7
2022-01-03 00:00:00,Mrs,F,121,,28bf97c2-443d-11ef-b4f6-6045bdd1caa7
2022-01-03 00:00:00,Mrs,F,ONLINE,,28bf97cc-443d-11ef-b4f6-6045bdd1caa7
2022-01-03 00:00:00,Mrs,F,CATAL,,28bf97e0-443d-11ef-b4f6-6045bdd1caa7
2022-01-03 00:00:00,Mrs,F,DMAIL,,28bf97ea-443d-11ef-b4f6-6045bdd1caa7
2022-01-03 00:00:00,Ms,F,PRESS,,28bf97fe-443d-11ef-b4f6-6045bdd1caa7
2022-01-03 00:00:00,Mrs,F,DMAIL,,28bf9808-443d-11ef-b4f6-6045bdd1caa7
2022-01-03 00:00:00,Miss,F,DDROP,,28bf981c-443d-11ef-b4f6-6045bdd1caa7
2022-01-03 00:00:00,,,121,156.0,28bf9826-443d-11ef-b4f6-6045bdd1caa7
2022-01-03 00:00:00,Mr,M,DMAIL,,28bf983a-443d-11ef-b4f6-6045bdd1caa7
2022-01-03 00:00:00,Miss,F,PRESS,,28bf9844-443d-11ef-b4f6-6045bdd1caa7
2022-01-03 00:00:00,Ms,F,WARM,,28bf9858-443d-11ef-b4f6-6045bdd1caa7
2022-01-03 00:00:00,Ms,F,000000,,28bf986c-443d-11ef-b4f6-6045bdd1caa7
2022-01-03 00:00:00,Mr,M,DRTV,,28bf9876-443d-11ef-b4f6-6045bdd1caa7
2022-01-03 00:00:00,,,DDROP,,28bf988a-443d-11ef-b4f6-6045bdd1caa7
2022-01-03 00:00:00,Ms,F,DMAIL,,28bf9894-443d-11ef-b4f6-6045bdd1caa7
2022-01-03 00:00:00,Ms,F,COLDTM,,28bf98a8-443d-11ef-b4f6-6045bdd1caa7
2022-01-03 00:00:00,Mrs,F,DMAIL,,28bf98bc-443d-11ef-b4f6-6045bdd1caa7
2022-01-03 00:00:00,Mrs,F,DDROP,,28bf98c6-443d-11ef-b4f6-6045bdd1caa7
2022-01-03 00:00:00,Mrs,F,DMAIL,,28bf98da-443d-11ef-b4f6-6045bdd1caa7
2022-01-03 00:00:00,Mr,M,114100,,28bf98f8-443d-11ef-b4f6-6045bdd1caa7
2022-01-03 00:00:00,Dr,F,DDROP,,28bf9916-443d-11ef-b4f6-6045bdd1caa7
2022-01-03 00:00:00,Mrs,F,OTHER,,28bf9934-443d-11ef-b4f6-6045bdd1caa7
2022-01-03 00:00:00,Mr,M,OTHER,,28bf9952-443d-11ef-b4f6-6045bdd1caa7
2022-01-03 00:00:00,Mrs,F,WISHES,,28bf9966-443d-11ef-b4f6-6045bdd1caa7
2022-01-03 00:00:00,Dr,,COLDTM,,28bf9984-443d-11ef-b4f6-6045bdd1caa7
2022-01-03 00:00:00,Mrs,F,121,84.0,28bf99a2-443d-11ef-b4f6-6045bdd1caa7
2022-01-03 00:00:00,Mrs,F,DRTV,,28bf99fc-443d-11ef-b4f6-6045bdd1caa7
2022-01-03 00:00:00,Dr,,OTHER,,28bf9a10-443d-11ef-b4f6-6045bdd1caa7
2022-01-03 00:00:00,Mr,M,DDROP,,28bf9a1a-443d-11ef-b4f6-6045bdd1caa7
2022-01-03 00:00:00,Mrs,F,DDROP,,28bf9a2e-443d-11ef-b4f6-6045bdd1caa7
2022-01-03 00:00:00,Mrs,F,DMAIL,,28bf9a38-443d-11ef-b4f6-6045bdd1caa7
2022-01-03 00:00:00,Mr,M,DRTV,1.0,28bf9a4c-443d-11ef-b4f6-6045bdd1caa7
2022-01-03 00:00:00,Mr,M,COLDTM,85.0,28bf9a56-443d-11ef-b4f6-6045bdd1caa7
2022-01-03 00:00:00,Mrs,F,DDROP,,28bf9a6a-443d-11ef-b4f6-6045bdd1caa7
2022-01-03 00:00:00,Mr,M,WARM,,28bf9a74-443d-11ef-b4f6-6045bdd1caa7
2022-01-03 00:00:00,Miss,F,WARM,,28bf9a88-443d-11ef-b4f6-6045bdd1caa7
2022-01-03 00:00:00,Mrs,F,DRTV,,28bf9a92-443d-11ef-b4f6-6045bdd1caa7
2022-01-03 00:00:00,Mr,M,DRTV,,28bf9aa6-443d-11ef-b4f6-6045bdd1caa7
2022-01-03 00:00:00,Mr,M,DRTV,,28bf9aba-443d-11ef-b4f6-6045bdd1caa7
2022-01-03 00:00:00,Mrs,F,DDROP,,28bf9ac4-443d-11ef-b4f6-6045bdd1caa7
2022-01-03 00:00:00,Dr,,DMAIL,,28bf9ad8-443d-11ef-b4f6-6045bdd1caa7
2022-01-03 00:00:00,,,DMAIL,,28bf9ae2-443d-11ef-b4f6-6045bdd1caa7
2022-01-03 00:00:00,Mrs,F,DRTV,,28bf9af6-443d-11ef-b4f6-6045bdd1caa7
2022-01-03 00:00:00,Mr,M,WARM,,28bf9b00-443d-11ef-b4f6-6045bdd1caa7
2022-01-03 00:00:00,Ms,F,DDROP,,28bf9b14-443d-11ef-b4f6-6045bdd1caa7
2022-01-03 00:00:00,Dr,,DMAIL,,28bf9b1e-443d-11ef-b4f6-6045bdd1caa7
2022-01-03 00:00:00,Mrs,F,CATAL,,28bf9b32-443d-11ef-b4f6-6045bdd1caa7
2022-01-03 00:00:00,Mrs,F,DMAIL,,28bf9b3c-443d-11ef-b4f6-6045bdd1caa7
2022-01-03 00:00:00,Mrs,F,DRTV,,28bf9b50-443d-11ef-b4f6-6045bdd1caa7
2022-01-03 00:00:00,Mr,M,WARM,,28bf9b5a-443d-11ef-b4f6-6045bdd1caa7
2022-01-03 00:00:00,Mrs,F,COLDTM,,28bf9b6e-443d-11ef-b4f6-6045bdd1caa7
2022-01-03 00:00:00,Mrs,F,DRTV,,28bf9b82-443d-11ef-b4f6-6045bdd1caa7
2022-01-03 00:00:00,Mrs,F,DRTV,,28bf9b8c-443d-11ef-b4f6-6045bdd1caa7
2022-01-03 00:00:00,Mrs,F,DDROP,,28bf9ba0-443d-11ef-b4f6-6045bdd1caa7
2022-01-03 00:00:00,Mr,M,DMAIL,,28bf9baa-443d-11ef-b4f6-6045bdd1caa7
2022-01-03 00:00:00,Mrs,F,DDROP,,28bf9bbe-443d-11ef-b4f6-6045bdd1caa7
2022-01-03 00:00:00,Mrs,F,COLDTM,,28bf9bc8-443d-11ef-b4f6-6045bdd1caa7
2022-01-03 00:00:00,Mrs,F,LOFUND,,28bf9bdc-443d-11ef-b4f6-6045bdd1caa7
2022-01-03 00:00:00,Mrs,F,COLDTM,,28bf9be6-443d-11ef-b4f6-6045bdd1caa7
2022-01-03 00:00:00,Mr,M,121,,28bf9bfa-443d-11ef-b4f6-6045bdd1caa7
2022-01-03 00:00:00,Ms,F,DDROP,,28bf9c04-443d-11ef-b4f6-6045bdd1caa7
2022-01-03 00:00:00,Dr,,DMAIL,,28bf9c18-443d-11ef-b4f6-6045bdd1caa7
2022-01-03 00:00:00,Mr,M,FSTOP,,28bf9c22-443d-11ef-b4f6-6045bdd1caa7
2022-01-03 00:00:00,Mrs,F,NATEVT,,28bf9c36-443d-11ef-b4f6-6045bdd1caa7
2022-01-03 00:00:00,Miss,F,DRTV,,28bf9c4a-443d-11ef-b4f6-6045bdd1caa7
2022-01-03 00:00:00,Mrs,F,DDROP,,28bf9d62-443d-11ef-b4f6-6045bdd1caa7
2022-01-03 00:00:00,Mrs,F,DDROP,,28bf9d80-443d-11ef-b4f6-6045bdd1caa7
2022-01-03 00:00:00,Mrs,F,DMAIL,,28bf9da8-443d-11ef-b4f6-6045bdd1caa7
2022-01-03 00:00:00,Miss,F,DRTV,,28bf9db2-443d-11ef-b4f6-6045bdd1caa7
2022-01-03 00:00:00,Miss,F,DDROP,,28bf9dc6-443d-11ef-b4f6-6045bdd1caa7
2022-01-03 00:00:00,Mr,M,ONLINE,,28bf9dda-443d-11ef-b4f6-6045bdd1caa7
2022-01-03 00:00:00,Mrs,F,DRTV,,28bf9de4-443d-11ef-b4f6-6045bdd1caa7
2022-01-03 00:00:00,Dr,,DMAIL,,28bf9df8-443d-11ef-b4f6-6045bdd1caa7
2022-01-03 00:00:00,Mrs,F,COLDTM,,28bf9e02-443d-11ef-b4f6-6045bdd1caa7
2022-01-03 00:00:00,Mrs,F,DMAIL,,28bf9e16-443d-11ef-b4f6-6045bdd1caa7
2022-01-03 00:00:00,Mr,M,DMAIL,,28bf9e20-443d-11ef-b4f6-6045bdd1caa7
2022-01-03 00:00:00,Mrs,F,DRTV,,28bf9e34-443d-11ef-b4f6-6045bdd1caa7
2022-01-03 00:00:00,Ms,F,DMAIL,,28bf9e3e-443d-11ef-b4f6-6045bdd1caa7
2022-01-03 00:00:00,Miss,F,ONLINE,68.0,28bf9e52-443d-11ef-b4f6-6045bdd1caa7
2022-01-03 00:00:00,Mrs,F,DMAIL,,28bf9ed4-443d-11ef-b4f6-6045bdd1caa7
2022-01-03 00:00:00,Mrs,F,DRTV,,28bf9f4c-443d-11ef-b4f6-6045bdd1caa7
2022-01-03 00:00:00,Mrs,F,WARM,,28bf9f74-443d-11ef-b4f6-6045bdd1caa7
2022-01-03 00:00:00,Miss,F,000000,,28bf9f7e-443d-11ef-b4f6-6045bdd1caa7
2022-01-03 00:00:00,Mrs,F,DRTV,,28bf9f92-443d-11ef-b4f6-6045bdd1caa7
2022-01-03 00:00:00,Mrs,F,DDROP,,28bf9f9c-443d-11ef-b4f6-6045bdd1caa7
2022-01-03 00:00:00,Mr,M,DMAIL,,28bf9fb0-443d-11ef-b4f6-6045bdd1caa7
2022-01-03 00:00:00,Mr,M,RADIO,,28bf9fba-443d-11ef-b4f6-6045bdd1caa7
2022-01-03 00:00:00,Mrs,F,DRTV,,28bf9fce-443d-11ef-b4f6-6045bdd1caa7
2022-01-03 00:00:00,Mr,M,ONLINE,26.0,28bf9fe2-443d-11ef-b4f6-6045bdd1caa7
2022-01-03 00:00:00,Ms,F,COLDTM,,28bf9fec-443d-11ef-b4f6-6045bdd1caa7
2022-01-03 00:00:00,Mrs,F,DRTV,,28bfa000-443d-11ef-b4f6-6045bdd1caa7
2022-01-03 00:00:00,Mrs,F,DMAIL,,28bfa00a-443d-11ef-b4f6-6045bdd1caa7
2022-01-03 00:00:00,Mrs,F,DDROP,,28bfa01e-443d-11ef-b4f6-6045bdd1caa7
2022-01-03 00:00:00,Mrs,F,DDROP,,28bfa028-443d-11ef-b4f6-6045bdd1caa7
2022-01-03 00:00:00,Mrs,F,121,,28bfa03c-443d-11ef-b4f6-6045bdd1caa7
2022-01-03 00:00:00,Miss,F,DDROP,,28bfa046-443d-11ef-b4f6-6045bdd1caa7
2022-01-03 00:00:00,Mr,M,DDROP,,28bfa05a-443d-11ef-b4f6-6045bdd1caa7
2022-01-03 00:00:00,Ms,F,WARM,,28bfa06e-443d-11ef-b4f6-6045bdd1caa7
2022-01-03 00:00:00,Mrs,F,DDROP,,28bfa078-443d-11ef-b4f6-6045bdd1caa7
2022-01-03 00:00:00,Dr,,DDROP,,28bfa08c-443d-11ef-b4f6-6045bdd1caa7
2022-01-03 00:00:00,Mrs,F,WARM,,28bfa0a0-443d-11ef-b4f6-6045bdd1caa7
2022-01-03 00:00:00,Mrs,F,DDROP,,28bfa0be-443d-11ef-b4f6-6045bdd1caa7
2022-01-03 00:00:00,Mrs,F,OTHER,,28bfa0dc-443d-11ef-b4f6-6045bdd1caa7
2022-01-03 00:00:00,Mr,M,WARM,,28bfa0f0-443d-11ef-b4f6-6045bdd1caa7
2022-01-03 00:00:00,Mrs,F,DRTV,,28bfa10e-443d-11ef-b4f6-6045bdd1caa7
2022-01-03 00:00:00,Mrs,F,DMAIL,,28bfa12c-443d-11ef-b4f6-6045bdd1caa7
2022-01-03 00:00:00,Mrs,F,CATAL,,28bfa14a-443d-11ef-b4f6-6045bdd1caa7
2022-01-03 00:00:00,Ms,F,DMAIL,,28bfa15e-443d-11ef-b4f6-6045bdd1caa7
2022-01-03 00:00:00,Mrs,F,FSTOP,,28bfa172-443d-11ef-b4f6-6045bdd1caa7
2022-01-03 00:00:00,Ms,F,121,,28bfa17c-443d-11ef-b4f6-6045bdd1caa7
2022-01-03 00:00:00,Mr,M,COLDTM,,28bfa190-443d-11ef-b4f6-6045bdd1caa7
2022-01-03 00:00:00,Ms,F,121,,28bfa19a-443d-11ef-b4f6-6045bdd1caa7
2022-01-03 00:00:00,Mrs,F,INSERT,,28bfa1ae-443d-11ef-b4f6-6045bdd1caa7
2022-01-03 00:00:00,Mrs,F,DRTV,,28bfa1b8-443d-11ef-b4f6-6045bdd1caa7
2022-01-03 00:00:00,Mrs,F,DRTV,,28bfa1cc-443d-11ef-b4f6-6045bdd1caa7
2022-01-03 00:00:00,Mrs,F,FSTOP,,28bfa1d6-443d-11ef-b4f6-6045bdd1caa7
2022-01-03 00:00:00,Mrs,F,DRTV,,28bfa1ea-443d-11ef-b4f6-6045bdd1caa7
2022-01-03 00:00:00,Mr,M,DRTV,77.0,28bfa1f4-443d-11ef-b4f6-6045bdd1caa7
2022-01-03 00:00:00,Mrs,F,DDROP,,28bfa208-443d-11ef-b4f6-6045bdd1caa7
2022-01-03 00:00:00,Dr,,DMAIL,,28bfa212-443d-11ef-b4f6-6045bdd1caa7
2022-01-03 00:00:00,Ms,F,DDROP,,28bfa226-443d-11ef-b4f6-6045bdd1caa7
2022-01-03 00:00:00,Mrs,F,RADIO,,28bfa230-443d-11ef-b4f6-6045bdd1caa7
2022-01-03 00:00:00,Mr,M,DDROP,,28bfa244-443d-11ef-b4f6-6045bdd1caa7
2022-01-03 00:00:00,Mrs,F,DMAIL,,28bfa24e-443d-11ef-b4f6-6045bdd1caa7
2022-01-03 00:00:00,Mrs,F,OTHER,,28bfa262-443d-11ef-b4f6-6045bdd1caa7
2022-01-03 00:00:00,Ms,F,DMAIL,,28bfa276-443d-11ef-b4f6-6045bdd1caa7
2022-01-03 00:00:00,Mr,M,DDROP,82.0,28bfa280-443d-11ef-b4f6-6045bdd1caa7
2022-01-03 00:00:00,Mrs,F,121,176.0,28bfa294-443d-11ef-b4f6-6045bdd1caa7
2022-01-03 00:00:00,Mr,M,DMAIL,,28bfa29e-443d-11ef-b4f6-6045bdd1caa7
2022-01-03 00:00:00,Ms,F,DDROP,,28bfa2b2-443d-11ef-b4f6-6045bdd1caa7
2022-01-03 00:00:00,Mr,M,COLDTM,,28bfa2bc-443d-11ef-b4f6-6045bdd1caa7
2022-01-03 00:00:00,Ms,F,INSERT,,28bfa2d0-443d-11ef-b4f6-6045bdd1caa7
2022-01-03 00:00:00,Ms,F,DMAIL,,28bfa2da-443d-11ef-b4f6-6045bdd1caa7
2022-01-03 00:00:00,Ms,F,DMAIL,,28bfa2ee-443d-11ef-b4f6-6045bdd1caa7
2022-01-03 00:00:00,Ms,F,DDROP,,28bfa2f8-443d-11ef-b4f6-6045bdd1caa7
2022-01-03 00:00:00,Mrs,F,DDROP,,28bfa30c-443d-11ef-b4f6-6045bdd1caa7
2022-01-03 00:00:00,Mrs,F,WARM,,28bfa320-443d-11ef-b4f6-6045bdd1caa7
2022-01-03 00:00:00,Mrs,F,DDROP,,28bfa32a-443d-11ef-b4f6-6045bdd1caa7
2022-01-03 00:00:00,Mrs,F,COLDTM,,28bfa33e-443d-11ef-b4f6-6045bdd1caa7
2022-01-03 00:00:00,Mrs,F,DMAIL,,28bfa348-443d-11ef-b4f6-6045bdd1caa7
2022-01-03 00:00:00,Mrs,F,121,,28bfa35c-443d-11ef-b4f6-6045bdd1caa7
2022-01-03 00:00:00,Mrs,F,COLDTM,4.0,28bfa366-443d-11ef-b4f6-6045bdd1caa7
2022-01-03 00:00:00,Mrs,F,DDROP,,28bfa37a-443d-11ef-b4f6-6045bdd1caa7
2022-01-03 00:00:00,Mr,M,121,51.0,28bfa384-443d-11ef-b4f6-6045bdd1caa7
2022-01-03 00:00:00,Mrs,F,DMAIL,,28bfa398-443d-11ef-b4f6-6045bdd1caa7
2022-01-03 00:00:00,Mr,M,PRESS,,28bfa3ac-443d-11ef-b4f6-6045bdd1caa7
2022-01-03 00:00:00,Mrs,F,FSTOP,,28bfa3b6-443d-11ef-b4f6-6045bdd1caa7
2022-01-03 00:00:00,Mrs,F,DMAIL,,28bfa3ca-443d-11ef-b4f6-6045bdd1caa7
2022-01-03 00:00:00,Mr,M,DMAIL,,28bfa3d4-443d-11ef-b4f6-6045bdd1caa7
2022-01-03 00:00:00,Mrs,F,DDROP,,28bfa3e8-443d-11ef-b4f6-6045bdd1caa7
2022-01-03 00:00:00,Mr,M,DRTV,,28bfa3f2-443d-11ef-b4f6-6045bdd1caa7
2022-01-03 00:00:00,Mrs,F,DDROP,,28bfa406-443d-11ef-b4f6-6045bdd1caa7
2022-01-03 00:00:00,Mrs,F,DRTV,,28bfa410-443d-11ef-b4f6-6045bdd1caa7
2022-01-03 00:00:00,Mrs,F,DDROP,,28bfa424-443d-11ef-b4f6-6045bdd1caa7
2022-01-03 00:00:00,Mr,M,WISHES,,28bfa438-443d-11ef-b4f6-6045bdd1caa7
2022-01-03 00:00:00,Mrs,F,DDROP,,28bfa442-443d-11ef-b4f6-6045bdd1caa7
2022-01-03 00:00:00,Mrs,F,121,,28bfa456-443d-11ef-b4f6-6045bdd1caa7
2022-01-03 00:00:00,Mr,M,DMAIL,,28bfa460-443d-11ef-b4f6-6045bdd1caa7
2022-01-03 00:00:00,Mrs,F,CATAL,,28bfa474-443d-11ef-b4f6-6045bdd1caa7
2022-01-03 00:00:00,Mr,M,DRTV,,28bfa488-443d-11ef-b4f6-6045bdd1caa7
2022-01-03 00:00:00,Mrs,F,INSERT,,28bfa492-443d-11ef-b4f6-6045bdd1caa7
2022-01-03 00:00:00,Mrs,F,DDROP,,28bfa4a6-443d-11ef-b4f6-6045bdd1caa7
2022-01-03 00:00:00,Miss,F,DMAIL,,28bfa4b0-443d-11ef-b4f6-6045bdd1caa7
2022-01-03 00:00:00,Mrs,F,WARM,,28bfa4c4-443d-11ef-b4f6-6045bdd1caa7
2022-01-03 00:00:00,Mr,M,DRTV,,28bfa4d8-443d-11ef-b4f6-6045bdd1caa7
2022-01-03 00:00:00,Mrs,F,ONLINE,,28bfa4e2-443d-11ef-b4f6-6045bdd1caa7
2022-01-03 00:00:00,Mrs,F,DRTV,,28bfa4f6-443d-11ef-b4f6-6045bdd1caa7
2022-01-03 00:00:00,Mrs,F,DMAIL,,28bfa500-443d-11ef-b4f6-6045bdd1caa7
2022-01-03 00:00:00,Mrs,F,DRTV,1.0,28bfa514-443d-11ef-b4f6-6045bdd1caa7
2022-01-03 00:00:00,Miss,F,DMAIL,,28bfa528-443d-11ef-b4f6-6045bdd1caa7
2022-01-03 00:00:00,Miss,F,DRTV,,28bfa532-443d-11ef-b4f6-6045bdd1caa7
2022-01-03 00:00:00,,,ONLINE,,28bfa546-443d-11ef-b4f6-6045bdd1caa7
2022-01-03 00:00:00,Mr,M,WARM,,28bfa55a-443d-11ef-b4f6-6045bdd1caa7
2022-01-03 00:00:00,Ms,F,DMAIL,,28bfa564-443d-11ef-b4f6-6045bdd1caa7
2022-01-03 00:00:00,Miss,F,OTHER,,28bfa578-443d-11ef-b4f6-6045bdd1caa7
2022-01-03 00:00:00,Mr,M,DMAIL,,28bfa58c-443d-11ef-b4f6-6045bdd1caa7
2022-01-03 00:00:00,Ms,F,OTHER,,28bfa5aa-443d-11ef-b4f6-6045bdd1caa7
2022-01-03 00:00:00,Mr,M,DRTV,,28bfa5c8-443d-11ef-b4f6-6045bdd1caa7
2022-01-03 00:00:00,Mrs,F,DRTV,,28bfa5e6-443d-11ef-b4f6-6045bdd1caa7
2022-01-03 00:00:00,Mrs,F,DDROP,,28bfa604-443d-11ef-b4f6-6045bdd1caa7
2022-01-03 00:00:00,Mr,M,DMAIL,,28bfa668-443d-11ef-b4f6-6045bdd1caa7
2022-01-03 00:00:00,Mr,M,DDROP,,28bfa686-443d-11ef-b4f6-6045bdd1caa7
2022-01-03 00:00:00,Mrs,F,DRTV,,28bfa69a-443d-11ef-b4f6-6045bdd1caa7
2022-01-03 00:00:00,Miss,F,OTHER,,28bfa6a4-443d-11ef-b4f6-6045bdd1caa7
2022-01-03 00:00:00,Mr,M,DDROP,,28bfa6b8-443d-11ef-b4f6-6045bdd1caa7
2022-01-03 00:00:00,Mr,M,COLDTM,,28bfa6c2-443d-11ef-b4f6-6045bdd1caa7
2022-01-03 00:00:00,Mrs,F,MSITE,,28bfa6d6-443d-11ef-b4f6-6045bdd1caa7
2022-01-03 00:00:00,Mr,M,000000,,28bfa6ea-443d-11ef-b4f6-6045bdd1caa7
2022-01-03 00:00:00,Mrs,F,DDROP,,28bfa6f4-443d-11ef-b4f6-6045bdd1caa7
2022-01-03 00:00:00,Mrs,F,DMAIL,,28bfa708-443d-11ef-b4f6-6045bdd1caa7
2022-01-03 00:00:00,Mr,M,DDROP,,28bfa712-443d-11ef-b4f6-6045bdd1caa7
2022-01-03 00:00:00,Miss,F,121,,28bfa726-443d-11ef-b4f6-6045bdd1caa7
2022-01-03 00:00:00,Ms,F,NATEVT,,28bfa730-443d-11ef-b4f6-6045bdd1caa7
2022-01-03 00:00:00,Miss,F,DRTV,,28bfa744-443d-11ef-b4f6-6045bdd1caa7
2022-01-03 00:00:00,Mr,M,TV,,28bfa758-443d-11ef-b4f6-6045bdd1caa7
2022-01-03 00:00:00,Mrs,F,DMAIL,,28bfa762-443d-11ef-b4f6-6045bdd1caa7
2022-01-03 00:00:00,Mrs,F,ONLINE,,28bfa776-443d-11ef-b4f6-6045bdd1caa7
2022-01-03 00:00:00,Mrs,F,CATAL,,28bfa780-443d-11ef-b4f6-6045bdd1caa7
2022-01-03 00:00:00,Mr,M,DDROP,,28bfa794-443d-11ef-b4f6-6045bdd1caa7
2022-01-03 00:00:00,Mrs,F,PRODS,92.0,28bfa7a8-443d-11ef-b4f6-6045bdd1caa7
2022-01-03 00:00:00,Miss,F,DRTV,,28bfa7b2-443d-11ef-b4f6-6045bdd1caa7
2022-01-03 00:00:00,Mrs,F,121,,28bfa7c6-443d-11ef-b4f6-6045bdd1caa7
2022-01-03 00:00:00,Miss,F,000000,,28bfa7d0-443d-11ef-b4f6-6045bdd1caa7
2022-01-03 00:00:00,Mrs,F,DDROP,,28bfa7e4-443d-11ef-b4f6-6045bdd1caa7
2022-01-03 00:00:00,Ms,F,DMAIL,,28bfa7f8-443d-11ef-b4f6-6045bdd1caa7
2022-01-03 00:00:00,Mrs,F,COLDTM,,28bfa802-443d-11ef-b4f6-6045bdd1caa7
2022-01-03 00:00:00,Mrs,F,COLDTM,,28bfa816-443d-11ef-b4f6-6045bdd1caa7
2022-01-03 00:00:00,Mrs,F,WARM,,28bfa820-443d-11ef-b4f6-6045bdd1caa7
2022-01-03 00:00:00,Ms,F,DMAIL,,28bfa834-443d-11ef-b4f6-6045bdd1caa7
2022-01-03 00:00:00,Mr,M,COLDTM,,28bfa848-443d-11ef-b4f6-6045bdd1caa7
2022-01-03 00:00:00,Mr,M,DDROP,,28bfa852-443d-11ef-b4f6-6045bdd1caa7
2022-01-03 00:00:00,Mrs,F,DDROP,,28bfa866-443d-11ef-b4f6-6045bdd1caa7
2022-01-03 00:00:00,Mr,M,DMAIL,,28bfa870-443d-11ef-b4f6-6045bdd1caa7
2022-01-03 00:00:00,Mrs,F,DMAIL,,28bfa884-443d-11ef-b4f6-6045bdd1caa7
2022-01-03 00:00:00,Miss,F,ONLINE,,28bfa88e-443d-11ef-b4f6-6045bdd1caa7
2022-01-03 00:00:00,Ms,F,DDROP,,28bfa8a2-443d-11ef-b4f6-6045bdd1caa7
2022-01-03 00:00:00,Mrs,F,DDROP,,28bfa8ac-443d-11ef-b4f6-6045bdd1caa7
2022-01-03 00:00:00,Mr,M,INSERT,,28bfa8c0-443d-11ef-b4f6-6045bdd1caa7
2022-01-03 00:00:00,Mrs,F,DRTV,,28bfa8d4-443d-11ef-b4f6-6045bdd1caa7
2022-01-03 00:00:00,Mrs,F,DRTV,,28bfa8de-443d-11ef-b4f6-6045bdd1caa7
2022-01-03 00:00:00,Ms,F,DDROP,,28bfa8f2-443d-11ef-b4f6-6045bdd1caa7
2022-01-03 00:00:00,Mrs,F,DRTV,,28bfa8fc-443d-11ef-b4f6-6045bdd1caa7
2022-01-03 00:00:00,Mrs,F,121,,28bfa910-443d-11ef-b4f6-6045bdd1caa7
2022-01-03 00:00:00,Miss,F,DMAIL,,28bfa924-443d-11ef-b4f6-6045bdd1caa7
2022-01-03 00:00:00,Mrs,F,DDROP,,28bfa92e-443d-11ef-b4f6-6045bdd1caa7
2022-01-03 00:00:00,Mrs,F,DDROP,,28bfa942-443d-11ef-b4f6-6045bdd1caa7
2022-01-03 00:00:00,Mr,M,121,,28bfa94c-443d-11ef-b4f6-6045bdd1caa7
2022-01-03 00:00:00,Mrs,F,DMAIL,,28bfa960-443d-11ef-b4f6-6045bdd1caa7
2022-01-03 00:00:00,Mrs,F,INSERT,,28bfa974-443d-11ef-b4f6-6045bdd1caa7
2022-01-03 00:00:00,Dr,,DDROP,,28bfa97e-443d-11ef-b4f6-6045bdd1caa7
2022-01-03 00:00:00,Mr,M,DMAIL,,28bfa992-443d-11ef-b4f6-6045bdd1caa7
2022-01-03 00:00:00,Miss,F,DDROP,,28bfa99c-443d-11ef-b4f6-6045bdd1caa7
2022-01-03 00:00:00,Mr,M,DMAIL,,28bfa9b0-443d-11ef-b4f6-6045bdd1caa7
2022-01-03 00:00:00,,,ONLINE,,28bfa9ba-443d-11ef-b4f6-6045bdd1caa7
2022-01-03 00:00:00,Mrs,F,DMAIL,,28bfa9ce-443d-11ef-b4f6-6045bdd1caa7
2022-01-03 00:00:00,Mrs,F,DRTV,,28bfa9e2-443d-11ef-b4f6-6045bdd1caa7
2022-01-03 00:00:00,Mr,M,DDROP,,28bfa9ec-443d-11ef-b4f6-6045bdd1caa7
2022-01-03 00:00:00,Mrs,F,DDROP,,28bfaa00-443d-11ef-b4f6-6045bdd1caa7
2022-01-03 00:00:00,Mrs,F,WARM,,28bfaa14-443d-11ef-b4f6-6045bdd1caa7
2022-01-03 00:00:00,,,ONLINE,,28bfaa1e-443d-11ef-b4f6-6045bdd1caa7
2022-01-03 00:00:00,Miss,F,DMAIL,,28bfaa32-443d-11ef-b4f6-6045bdd1caa7
2022-01-03 00:00:00,Mrs,F,ONLINE,,28bfaa3c-443d-11ef-b4f6-6045bdd1caa7
2022-01-03 00:00:00,Mrs,F,COLDTM,,28bfaa50-443d-11ef-b4f6-6045bdd1caa7
2022-01-03 00:00:00,Mrs,F,CATAL,,28bfaa64-443d-11ef-b4f6-6045bdd1caa7
2022-01-03 00:00:00,Mr,M,FSTOP,,28bfaa6e-443d-11ef-b4f6-6045bdd1caa7
2022-01-03 00:00:00,Mrs,F,DDROP,,28bfaa82-443d-11ef-b4f6-6045bdd1caa7
2022-01-03 00:00:00,Mrs,F,DRTV,,28bfaa96-443d-11ef-b4f6-6045bdd1caa7
2022-01-03 00:00:00,Mrs,F,DMAIL,,28bfaaa0-443d-11ef-b4f6-6045bdd1caa7
2022-01-03 00:00:00,Ms,F,DDROP,,28bfaab4-443d-11ef-b4f6-6045bdd1caa7
2022-01-03 00:00:00,Mrs,F,INSERT,,28bfaabe-443d-11ef-b4f6-6045bdd1caa7
2022-01-03 00:00:00,Mrs,F,000000,,28bfaad2-443d-11ef-b4f6-6045bdd1caa7
2022-01-03 00:00:00,Mr,M,DDROP,,28bfaae6-443d-11ef-b4f6-6045bdd1caa7
2022-01-03 00:00:00,Mr,M,COLDTM,,28bfaaf0-443d-11ef-b4f6-6045bdd1caa7
2022-01-03 00:00:00,Ms,F,COLDTM,,28bfab04-443d-11ef-b4f6-6045bdd1caa7
2022-01-03 00:00:00,Ms,F,RADIO,,28bfab0e-443d-11ef-b4f6-6045bdd1caa7
2022-01-03 00:00:00,Dr,,PRESS,,28bfab22-443d-11ef-b4f6-6045bdd1caa7
2022-01-03 00:00:00,Mr,M,WARM,,28bfab36-443d-11ef-b4f6-6045bdd1caa7
2022-01-03 00:00:00,Mr,M,DDROP,,28bfab40-443d-11ef-b4f6-6045bdd1caa7
2022-01-03 00:00:00,Ms,F,FSTOP,,28bfab54-443d-11ef-b4f6-6045bdd1caa7
2022-01-03 00:00:00,Mrs,F,DDROP,,28bfab5e-443d-11ef-b4f6-6045bdd1caa7
2022-01-03 00:00:00,Mr,M,121,,28bfab72-443d-11ef-b4f6-6045bdd1caa7
2022-01-03 00:00:00,Mrs,F,INSERT,,28bfab86-443d-11ef-b4f6-6045bdd1caa7
2022-01-03 00:00:00,Mr,M,FSTOP,,28bfab90-443d-11ef-b4f6-6045bdd1caa7
2022-01-03 00:00:00,Ms,F,DMAIL,,28bfaba4-443d-11ef-b4f6-6045bdd1caa7
2022-01-03 00:00:00,Mr,M,DMAIL,,28bfabae-443d-11ef-b4f6-6045bdd1caa7
2022-01-03 00:00:00,Mr,M,DRTV,,28bfabc2-443d-11ef-b4f6-6045bdd1caa7
2022-01-03 00:00:00,Mrs,F,DRTV,,28bfabd6-443d-11ef-b4f6-6045bdd1caa7
2022-01-03 00:00:00,Mr,M,DRTV,,28bfabe0-443d-11ef-b4f6-6045bdd1caa7
2022-01-03 00:00:00,Ms,F,COLDTM,,28bfabf4-443d-11ef-b4f6-6045bdd1caa7
2022-01-03 00:00:00,Mrs,F,DRTV,,28bfabfe-443d-11ef-b4f6-6045bdd1caa7
2022-01-03 00:00:00,Miss,F,WARM,,28bfac12-443d-11ef-b4f6-6045bdd1caa7
2022-01-03 00:00:00,Mrs,F,DMAIL,,28bfac26-443d-11ef-b4f6-6045bdd1caa7
2022-01-03 00:00:00,Mr,M,DMAIL,,28bfac3a-443d-11ef-b4f6-6045bdd1caa7
2022-01-03 00:00:00,Mrs,F,DMAIL,,28bfac44-443d-11ef-b4f6-6045bdd1caa7
2022-01-03 00:00:00,Mr,M,DMAIL,,28bfb432-443d-11ef-b4f6-6045bdd1caa7
2022-01-03 00:00:00,Mrs,F,DDROP,,28bfb45a-443d-11ef-b4f6-6045bdd1caa7
2022-01-03 00:00:00,Mrs,F,DRTV,,28bfb46e-443d-11ef-b4f6-6045bdd1caa7
2022-01-03 00:00:00,Ms,F,DMAIL,,28bfb478-443d-11ef-b4f6-6045bdd1caa7
2022-01-03 00:00:00,Mr,M,DRTV,,28bfb48c-443d-11ef-b4f6-6045bdd1caa7
2022-01-03 00:00:00,Mrs,F,121,69.0,28bfb4a0-443d-11ef-b4f6-6045bdd1caa7
2022-01-03 00:00:00,Mrs,F,DRTV,,28bfb4aa-443d-11ef-b4f6-6045bdd1caa7
2022-01-03 00:00:00,Mrs,F,DMAIL,,28bfb4be-443d-11ef-b4f6-6045bdd1caa7
2022-01-03 00:00:00,Mr,M,DMAIL,,28bfb4d2-443d-11ef-b4f6-6045bdd1caa7
2022-01-03 00:00:00,Mrs,F,DMAIL,,28bfb4dc-443d-11ef-b4f6-6045bdd1caa7
2022-01-03 00:00:00,Mrs,F,DMAIL,,28bfb4f0-443d-11ef-b4f6-6045bdd1caa7
2022-01-03 00:00:00,Mr,M,121,171.0,28bfb504-443d-11ef-b4f6-6045bdd1caa7
2022-01-03 00:00:00,Mrs,F,DMAIL,,28bfb50e-443d-11ef-b4f6-6045bdd1caa7
2022-01-03 00:00:00,Mrs,F,000000,,28bfb522-443d-11ef-b4f6-6045bdd1caa7
2022-01-03 00:00:00,Mr,M,000000,,28bfb536-443d-11ef-b4f6-6045bdd1caa7
2022-01-03 00:00:00,Mrs,F,CATAL,,28bfb540-443d-11ef-b4f6-6045bdd1caa7
2022-01-03 00:00:00,Miss,F,COLDTM,,28bfb554-443d-11ef-b4f6-6045bdd1caa7
2022-01-03 00:00:00,Mr,M,DMAIL,,28bfb568-443d-11ef-b4f6-6045bdd1caa7
2022-01-03 00:00:00,Mr,M,OTHER,,28bfb572-443d-11ef-b4f6-6045bdd1caa7
2022-01-03 00:00:00,Mrs,F,COLDTM,,28bfb586-443d-11ef-b4f6-6045bdd1caa7
2022-01-03 00:00:00,Mrs,F,DMAIL,,28bfb59a-443d-11ef-b4f6-6045bdd1caa7
2022-01-03 00:00:00,Mrs,F,DMAIL,,28bfb5a4-443d-11ef-b4f6-6045bdd1caa7
2022-01-03 00:00:00,Mrs,F,WARM,,28bfb5b8-443d-11ef-b4f6-6045bdd1caa7
2022-01-03 00:00:00,Mrs,F,DDROP,,28bfb5cc-443d-11ef-b4f6-6045bdd1caa7
2022-01-03 00:00:00,Mrs,F,DMAIL,,28bfb5e0-443d-11ef-b4f6-6045bdd1caa7
2022-01-03 00:00:00,Mrs,F,LOFUND,,28bfb5ea-443d-11ef-b4f6-6045bdd1caa7
2022-01-03 00:00:00,Mr,M,ONLINE,,28bfb5fe-443d-11ef-b4f6-6045bdd1caa7
2022-01-03 00:00:00,Mrs,F,DMAIL,,28bfb608-443d-11ef-b4f6-6045bdd1caa7
2022-01-03 00:00:00,Mrs,F,DRTV,,28bfb61c-443d-11ef-b4f6-6045bdd1caa7
2022-01-03 00:00:00,Mr,M,DDROP,,28bfb626-443d-11ef-b4f6-6045bdd1caa7
2022-01-03 00:00:00,Mrs,F,PRESS,,28bfb63a-443d-11ef-b4f6-6045bdd1caa7
2022-01-03 00:00:00,Mr,M,DMAIL,,28bfb64e-443d-11ef-b4f6-6045bdd1caa7
2022-01-03 00:00:00,Mr,M,DDROP,,28bfb658-443d-11ef-b4f6-6045bdd1caa7
2022-01-03 00:00:00,Mr,M,121,,28bfb66c-443d-11ef-b4f6-6045bdd1caa7
2022-01-03 00:00:00,Miss,F,DDROP,,28bfb676-443d-11ef-b4f6-6045bdd1caa7
2022-01-03 00:00:00,Mrs,F,DMAIL,,28bfb68a-443d-11ef-b4f6-6045bdd1caa7
2022-01-03 00:00:00,Mrs,F,CATAL,,28bfb694-443d-11ef-b4f6-6045bdd1caa7
2022-01-03 00:00:00,Mrs,F,DRTV,,28bfb6a8-443d-11ef-b4f6-6045bdd1caa7
2022-01-03 00:00:00,,,DDROP,,28bfb6bc-443d-11ef-b4f6-6045bdd1caa7
2022-01-03 00:00:00,Mr,M,COLDTM,,28bfb6c6-443d-11ef-b4f6-6045bdd1caa7
2022-01-03 00:00:00,Mrs,F,DMAIL,,28bfb6da-443d-11ef-b4f6-6045bdd1caa7
2022-01-03 00:00:00,Mr,M,ONLINE,,28bfb6ee-443d-11ef-b4f6-6045bdd1caa7
2022-01-03 00:00:00,Mr,M,WARM,,28bfb6f8-443d-11ef-b4f6-6045bdd1caa7
2022-01-03 00:00:00,Mrs,F,DRTV,,28bfb70c-443d-11ef-b4f6-6045bdd1caa7
2022-01-03 00:00:00,Ms,F,DMAIL,,28bfb716-443d-11ef-b4f6-6045bdd1caa7
2022-01-03 00:00:00,Mr,M,NATEVT,,28bfb72a-443d-11ef-b4f6-6045bdd1caa7
2022-01-03 00:00:00,Mrs,F,DMAIL,,28bfb734-443d-11ef-b4f6-6045bdd1caa7
2022-01-03 00:00:00,Mrs,F,DDROP,,28bfb748-443d-11ef-b4f6-6045bdd1caa7
2022-01-03 00:00:00,Mrs,F,121,,28bfb75c-443d-11ef-b4f6-6045bdd1caa7
2022-01-03 00:00:00,Mr,M,COLDTM,,28bfb766-443d-11ef-b4f6-6045bdd1caa7
2022-01-03 00:00:00,Miss,F,DRTV,,28bfb77a-443d-11ef-b4f6-6045bdd1caa7
2022-01-03 00:00:00,Mr,M,PRODS,,28bfb784-443d-11ef-b4f6-6045bdd1caa7
2022-01-03 00:00:00,Mrs,F,DDROP,,28bfb798-443d-11ef-b4f6-6045bdd1caa7
2022-01-03 00:00:00,Mrs,F,ONLINE,,28bfb7e8-443d-11ef-b4f6-6045bdd1caa7
2022-01-03 00:00:00,Mrs,F,FSTOP,,28bfb7fc-443d-11ef-b4f6-6045bdd1caa7
2022-01-03 00:00:00,Ms,F,DRTV,,28bfb806-443d-11ef-b4f6-6045bdd1caa7
2022-01-03 00:00:00,Ms,F,FSTOP,,28bfb81a-443d-11ef-b4f6-6045bdd1caa7
2022-01-03 00:00:00,Mr,M,DDROP,,28bfb824-443d-11ef-b4f6-6045bdd1caa7
2022-01-03 00:00:00,Mr,M,DDROP,,28bfb838-443d-11ef-b4f6-6045bdd1caa7
2022-01-03 00:00:00,Mr,M,DMAIL,,28bfb842-443d-11ef-b4f6-6045bdd1caa7
2022-01-03 00:00:00,Mrs,F,DRTV,,28bfb856-443d-11ef-b4f6-6045bdd1caa7
2022-01-03 00:00:00,Miss,F,ONLINE,,28bfb860-443d-11ef-b4f6-6045bdd1caa7
2022-01-03 00:00:00,,,DMAIL,,28bfb874-443d-11ef-b4f6-6045bdd1caa7
2022-01-03 00:00:00,Mrs,F,DMAIL,,28bfb87e-443d-11ef-b4f6-6045bdd1caa7
2022-01-03 00:00:00,Mrs,F,RADIO,,28bfb892-443d-11ef-b4f6-6045bdd1caa7
2022-01-03 00:00:00,Mr,M,PRODS,,28bfb8a6-443d-11ef-b4f6-6045bdd1caa7
2022-01-03 00:00:00,Mrs,F,DMAIL,,28bfb8b0-443d-11ef-b4f6-6045bdd1caa7
2022-01-03 00:00:00,Mrs,F,DDROP,,28bfb8c4-443d-11ef-b4f6-6045bdd1caa7
2022-01-03 00:00:00,Ms,F,DDROP,,28bfb8ce-443d-11ef-b4f6-6045bdd1caa7
2022-01-03 00:00:00,Mrs,F,DDROP,,28bfb8ec-443d-11ef-b4f6-6045bdd1caa7
2022-01-03 00:00:00,Mrs,F,DDROP,,28bfb900-443d-11ef-b4f6-6045bdd1caa7
2022-01-03 00:00:00,Mrs,F,ONLINE,,28bfb91e-443d-11ef-b4f6-6045bdd1caa7
2022-01-03 00:00:00,Mrs,F,134101,,28bfb932-443d-11ef-b4f6-6045bdd1caa7
2022-01-03 00:00:00,Mrs,F,DMAIL,24.0,28bfb950-443d-11ef-b4f6-6045bdd1caa7
2022-01-03 00:00:00,Mrs,F,DDROP,,28bfb964-443d-11ef-b4f6-6045bdd1caa7
2022-01-03 00:00:00,Mrs,F,DDROP,,28bfb982-443d-11ef-b4f6-6045bdd1caa7
2022-01-03 00:00:00,Mrs,F,DRTV,,28bfb9a0-443d-11ef-b4f6-6045bdd1caa7
2022-01-03 00:00:00,Miss,F,DMAIL,,28bfba86-443d-11ef-b4f6-6045bdd1caa7
2022-01-03 00:00:00,Mrs,F,DMAIL,,28bfba9a-443d-11ef-b4f6-6045bdd1caa7
2022-01-03 00:00:00,Mrs,F,DDROP,,28bfbaa4-443d-11ef-b4f6-6045bdd1caa7
2022-01-03 00:00:00,Mr,M,DMAIL,,28bfbab8-443d-11ef-b4f6-6045bdd1caa7
2022-01-03 00:00:00,Mr,M,COLDTM,,28bfbacc-443d-11ef-b4f6-6045bdd1caa7
2022-01-03 00:00:00,Mrs,F,121,,28bfbad6-443d-11ef-b4f6-6045bdd1caa7
2022-01-03 00:00:00,Miss,F,DRTV,,28bfbaea-443d-11ef-b4f6-6045bdd1caa7
2022-01-03 00:00:00,Ms,F,COLDTM,,28bfbaf4-443d-11ef-b4f6-6045bdd1caa7
2022-01-03 00:00:00,Mr,M,DMAIL,,28bfbb08-443d-11ef-b4f6-6045bdd1caa7
2022-01-03 00:00:00,Mrs,F,DRTV,,28bfbb1c-443d-11ef-b4f6-6045bdd1caa7
2022-01-03 00:00:00,Mrs,F,OTHER,,28bfbb26-443d-11ef-b4f6-6045bdd1caa7
2022-01-03 00:00:00,Mrs,F,DRTV,,28bfbb3a-443d-11ef-b4f6-6045bdd1caa7
2022-01-03 00:00:00,Mrs,F,COLDTM,,28bfbb44-443d-11ef-b4f6-6045bdd1caa7
2022-01-03 00:00:00,Miss,F,ONLINE,,28bfbb58-443d-11ef-b4f6-6045bdd1caa7
2022-01-03 00:00:00,Mrs,F,DDROP,,28bfbb62-443d-11ef-b4f6-6045bdd1caa7
2022-01-03 00:00:00,Mrs,F,LOFUND,,28bfbb76-443d-11ef-b4f6-6045bdd1caa7
2022-01-03 00:00:00,Mrs,F,DMAIL,,28bfbb80-443d-11ef-b4f6-6045bdd1caa7
2022-01-03 00:00:00,Ms,F,ONLINE,,28bfbb94-443d-11ef-b4f6-6045bdd1caa7
2022-01-03 00:00:00,Mr,M,COLDTM,,28bfbba8-443d-11ef-b4f6-6045bdd1caa7
2022-01-03 00:00:00,Dr,,DMAIL,,28bfbbb2-443d-11ef-b4f6-6045bdd1caa7
2022-01-03 00:00:00,Mrs,F,DMAIL,,28bfbbc6-443d-11ef-b4f6-6045bdd1caa7
2022-01-03 00:00:00,Mrs,F,DRTV,,28bfbbda-443d-11ef-b4f6-6045bdd1caa7
2022-01-03 00:00:00,,,ONLINE,,28bfbbe4-443d-11ef-b4f6-6045bdd1caa7
2022-01-03 00:00:00,,,DDROP,,28bfbbf8-443d-11ef-b4f6-6045bdd1caa7
2022-01-03 00:00:00,Miss,F,DRTV,,28bfbc02-443d-11ef-b4f6-6045bdd1caa7
2022-01-03 00:00:00,Mrs,F,121,,28bfbc16-443d-11ef-b4f6-6045bdd1caa7
2022-01-03 00:00:00,,,DDROP,,28bfbc2a-443d-11ef-b4f6-6045bdd1caa7
2022-01-03 00:00:00,Mrs,F,COLDTM,,28bfbc3e-443d-11ef-b4f6-6045bdd1caa7
2022-01-03 00:00:00,Mrs,F,ONLINE,,28bfbc48-443d-11ef-b4f6-6045bdd1caa7
2022-01-03 00:00:00,Mrs,F,DRTV,,28bfbc5c-443d-11ef-b4f6-6045bdd1caa7
2022-01-03 00:00:00,Mrs,F,DMAIL,,28bfbc66-443d-11ef-b4f6-6045bdd1caa7
2022-01-03 00:00:00,Mrs,F,DRTV,,28bfbc7a-443d-11ef-b4f6-6045bdd1caa7
2022-01-03 00:00:00,Mrs,F,DMAIL,,28bfbc84-443d-11ef-b4f6-6045bdd1caa7
2022-01-03 00:00:00,Ms,F,DMAIL,,28bfbc98-443d-11ef-b4f6-6045bdd1caa7
2022-01-03 00:00:00,,,DRTV,,28bfbca2-443d-11ef-b4f6-6045bdd1caa7
2022-01-03 00:00:00,Mrs,F,000000,,28bfbcb6-443d-11ef-b4f6-6045bdd1caa7
2022-01-03 00:00:00,Mrs,F,DRTV,,28bfbcc0-443d-11ef-b4f6-6045bdd1caa7
2022-01-03 00:00:00,Mrs,F,OTHER,,28bfbcd4-443d-11ef-b4f6-6045bdd1caa7
2022-01-03 00:00:00,Mrs,F,DMAIL,,28bfbcde-443d-11ef-b4f6-6045bdd1caa7
2022-01-03 00:00:00,Ms,F,DDROP,,28bfbcf2-443d-11ef-b4f6-6045bdd1caa7
2022-01-03 00:00:00,Ms,F,DDROP,,28bfbcfc-443d-11ef-b4f6-6045bdd1caa7
2022-01-03 00:00:00,Mr,M,DMAIL,,28bfbd10-443d-11ef-b4f6-6045bdd1caa7
2022-01-03 00:00:00,Mrs,F,DMAIL,,28bfbd1a-443d-11ef-b4f6-6045bdd1caa7
2022-01-03 00:00:00,Mrs,F,DDROP,,28bfbd2e-443d-11ef-b4f6-6045bdd1caa7
2022-01-03 00:00:00,Mrs,F,DMAIL,,28bfbd38-443d-11ef-b4f6-6045bdd1caa7
2022-01-03 00:00:00,Mr,M,DDROP,,28bfbd4c-443d-11ef-b4f6-6045bdd1caa7
2022-01-03 00:00:00,Mrs,F,DDROP,,28bfbd60-443d-11ef-b4f6-6045bdd1caa7
2022-01-03 00:00:00,Mrs,F,CATAL,,28bfbd6a-443d-11ef-b4f6-6045bdd1caa7
2022-01-03 00:00:00,Mrs,F,ONLINE,,28bfbd7e-443d-11ef-b4f6-6045bdd1caa7
2022-01-03 00:00:00,Mrs,F,DRTV,,28bfbd88-443d-11ef-b4f6-6045bdd1caa7
2022-01-03 00:00:00,Dr,,INSERT,,28bfbd9c-443d-11ef-b4f6-6045bdd1caa7
2022-01-03 00:00:00,Mr,M,DDROP,,28bfbda6-443d-11ef-b4f6-6045bdd1caa7
2022-01-03 00:00:00,Mrs,F,DMAIL,,28bfbdba-443d-11ef-b4f6-6045bdd1caa7
2022-01-03 00:00:00,Mrs,F,DDROP,,28bfbdc4-443d-11ef-b4f6-6045bdd1caa7
2022-01-03 00:00:00,Mrs,F,DDROP,,28bfbdd8-443d-11ef-b4f6-6045bdd1caa7
2022-01-03 00:00:00,Mrs,F,DDROP,,28bfbdec-443d-11ef-b4f6-6045bdd1caa7
2022-01-03 00:00:00,,,DDROP,,28bfbdf6-443d-11ef-b4f6-6045bdd1caa7
2022-01-03 00:00:00,Miss,F,000000,,28bfbe0a-443d-11ef-b4f6-6045bdd1caa7
2022-01-03 00:00:00,Mrs,F,DDROP,,28bfbe14-443d-11ef-b4f6-6045bdd1caa7
2022-01-03 00:00:00,Mrs,F,WARM,,28bfbe28-443d-11ef-b4f6-6045bdd1caa7
2022-01-03 00:00:00,Mrs,F,WARM,,28bfbe32-443d-11ef-b4f6-6045bdd1caa7
2022-01-03 00:00:00,Mr,M,DRTV,,28bfbe46-443d-11ef-b4f6-6045bdd1caa7
2022-01-03 00:00:00,Mrs,F,DDROP,,28bfbe50-443d-11ef-b4f6-6045bdd1caa7
2022-01-03 00:00:00,Mr,M,COLDTM,,28bfbe64-443d-11ef-b4f6-6045bdd1caa7
2022-01-03 00:00:00,Mrs,F,DMAIL,,28bfbe6e-443d-11ef-b4f6-6045bdd1caa7
2022-01-03 00:00:00,Mr,M,DRTV,,28bfbe82-443d-11ef-b4f6-6045bdd1caa7
2022-01-03 00:00:00,Mr,M,WARM,,28bfbe96-443d-11ef-b4f6-6045bdd1caa7
2022-01-03 00:00:00,Mr,M,DDROP,,28bfbea0-443d-11ef-b4f6-6045bdd1caa7
2022-01-03 00:00:00,Mr,M,DMAIL,,28bfbeb4-443d-11ef-b4f6-6045bdd1caa7
2022-01-03 00:00:00,Mrs,F,DRTV,,28bfbebe-443d-11ef-b4f6-6045bdd1caa7
2022-01-03 00:00:00,Mr,M,DMAIL,,28bfbed2-443d-11ef-b4f6-6045bdd1caa7
2022-01-03 00:00:00,Mrs,F,COLDTM,80.0,28bfbedc-443d-11ef-b4f6-6045bdd1caa7
2022-01-03 00:00:00,Mrs,F,DMAIL,,28bfbef0-443d-11ef-b4f6-6045bdd1caa7
2022-01-03 00:00:00,Miss,F,DDROP,,28bfbefa-443d-11ef-b4f6-6045bdd1caa7
2022-01-03 00:00:00,Mr,M,DDROP,,28bfbf0e-443d-11ef-b4f6-6045bdd1caa7
2022-01-03 00:00:00,Mrs,F,DDROP,,28bfbf22-443d-11ef-b4f6-6045bdd1caa7
2022-01-03 00:00:00,Ms,F,000000,,28bfbf2c-443d-11ef-b4f6-6045bdd1caa7
2022-01-03 00:00:00,Mrs,F,DRTV,,28bfbf40-443d-11ef-b4f6-6045bdd1caa7
2022-01-03 00:00:00,Mr,M,DRTV,,28bfbf4a-443d-11ef-b4f6-6045bdd1caa7
2022-01-03 00:00:00,Mr,M,DMAIL,,28bfbf5e-443d-11ef-b4f6-6045bdd1caa7
2022-01-03 00:00:00,Ms,F,COLDTM,,28bfbf68-443d-11ef-b4f6-6045bdd1caa7
2022-01-03 00:00:00,Mrs,F,DMAIL,,28bfbf7c-443d-11ef-b4f6-6045bdd1caa7
2022-01-03 00:00:00,Mrs,F,COLDTM,,28bfbf86-443d-11ef-b4f6-6045bdd1caa7
2022-01-03 00:00:00,Mrs,F,DDROP,,28bfbf9a-443d-11ef-b4f6-6045bdd1caa7
2022-01-03 00:00:00,Mr,M,121,,28bfbfae-443d-11ef-b4f6-6045bdd1caa7
2022-01-03 00:00:00,Mrs,F,DRTV,,28bfbfb8-443d-11ef-b4f6-6045bdd1caa7
2022-01-03 00:00:00,Mrs,F,DDROP,,28bfbfcc-443d-11ef-b4f6-6045bdd1caa7
2022-01-03 00:00:00,Mrs,F,PRESS,,28bfbfd6-443d-11ef-b4f6-6045bdd1caa7
2022-01-03 00:00:00,Mrs,F,DDROP,,28bfbfea-443d-11ef-b4f6-6045bdd1caa7
2022-01-03 00:00:00,Mrs,F,FSTOP,,28bfbffe-443d-11ef-b4f6-6045bdd1caa7
2022-01-03 00:00:00,Ms,F,DDROP,,28bfc008-443d-11ef-b4f6-6045bdd1caa7
2022-01-03 00:00:00,Mrs,F,DDROP,,28bfc01c-443d-11ef-b4f6-6045bdd1caa7
2022-01-03 00:00:00,Ms,F,DMAIL,,28bfc026-443d-11ef-b4f6-6045bdd1caa7
2022-01-03 00:00:00,Mr,M,DDROP,,28bfc03a-443d-11ef-b4f6-6045bdd1caa7
2022-01-03 00:00:00,Mrs,F,DRTV,,28bfc044-443d-11ef-b4f6-6045bdd1caa7
2022-01-03 00:00:00,Mrs,F,DMAIL,,28bfc058-443d-11ef-b4f6-6045bdd1caa7
2022-01-03 00:00:00,Mrs,F,DDROP,,28bfc06c-443d-11ef-b4f6-6045bdd1caa7
2022-01-03 00:00:00,Mr,M,DDROP,,28bfc076-443d-11ef-b4f6-6045bdd1caa7
2022-01-03 00:00:00,Mr,M,ONLINE,,28bfc08a-443d-11ef-b4f6-6045bdd1caa7
2022-01-03 00:00:00,Mr,M,INSERT,,28bfc094-443d-11ef-b4f6-6045bdd1caa7
2022-01-03 00:00:00,Mrs,F,000000,,28bfc0a8-443d-11ef-b4f6-6045bdd1caa7
2022-01-03 00:00:00,Mr,M,COLDTM,,28bfc0b2-443d-11ef-b4f6-6045bdd1caa7
2022-01-03 00:00:00,Mrs,F,FSTOP,,28bfc0c6-443d-11ef-b4f6-6045bdd1caa7
2022-01-03 00:00:00,Mrs,F,DDROP,,28bfc0da-443d-11ef-b4f6-6045bdd1caa7
2022-01-03 00:00:00,Dr,,DDROP,,28bfc0e4-443d-11ef-b4f6-6045bdd1caa7
2022-01-03 00:00:00,Mrs,F,DDROP,,28bfc0f8-443d-11ef-b4f6-6045bdd1caa7
2022-01-03 00:00:00,Ms,F,DDROP,,28bfc102-443d-11ef-b4f6-6045bdd1caa7
2022-01-03 00:00:00,Mr,M,DRTV,,28bfc116-443d-11ef-b4f6-6045bdd1caa7
2022-01-03 00:00:00,Mr,M,FSTOP,,28bfc120-443d-11ef-b4f6-6045bdd1caa7
2022-01-03 00:00:00,Mrs,F,DRTV,,28bfc134-443d-11ef-b4f6-6045bdd1caa7
2022-01-03 00:00:00,Mrs,F,DRTV,,28bfc13e-443d-11ef-b4f6-6045bdd1caa7
2022-01-03 00:00:00,Mrs,F,FSTOP,,28bfc152-443d-11ef-b4f6-6045bdd1caa7
2022-01-03 00:00:00,Ms,F,INSERT,,28bfc15c-443d-11ef-b4f6-6045bdd1caa7
2022-01-03 00:00:00,Mrs,F,121,,28bfc170-443d-11ef-b4f6-6045bdd1caa7
2022-01-03 00:00:00,,,OTHER,,28bfc17a-443d-11ef-b4f6-6045bdd1caa7
2022-01-03 00:00:00,Ms,F,121,86.0,28bfc18e-443d-11ef-b4f6-6045bdd1caa7
2022-01-03 00:00:00,Mrs,F,DMAIL,,28bfc198-443d-11ef-b4f6-6045bdd1caa7
2022-01-03 00:00:00,Mrs,F,DRTV,,28bfc1ac-443d-11ef-b4f6-6045bdd1caa7
2022-01-03 00:00:00,Miss,F,DDROP,,28bfc1c0-443d-11ef-b4f6-6045bdd1caa7
2022-01-03 00:00:00,Mr,M,DMAIL,,28bfc1ca-443d-11ef-b4f6-6045bdd1caa7
2022-01-03 00:00:00,Mr,M,DMAIL,,28bfc1de-443d-11ef-b4f6-6045bdd1caa7
2022-01-03 00:00:00,Mr,M,INSERT,,28bfc1e8-443d-11ef-b4f6-6045bdd1caa7
2022-01-03 00:00:00,Mrs,F,INSERT,,28bfc1fc-443d-11ef-b4f6-6045bdd1caa7
2022-01-03 00:00:00,Mrs,F,DRTV,,28bfc206-443d-11ef-b4f6-6045bdd1caa7
2022-01-03 00:00:00,Mrs,F,ONLINE,,28bfc21a-443d-11ef-b4f6-6045bdd1caa7
2022-01-03 00:00:00,Dr,,DMAIL,,28bfc224-443d-11ef-b4f6-6045bdd1caa7
2022-01-03 00:00:00,Mrs,F,DMAIL,,28bfc238-443d-11ef-b4f6-6045bdd1caa7
2022-01-03 00:00:00,Mrs,F,ONLINE,,28bfc24c-443d-11ef-b4f6-6045bdd1caa7
2022-01-03 00:00:00,Ms,F,DRTV,,28bfc256-443d-11ef-b4f6-6045bdd1caa7
2022-01-03 00:00:00,Mr,M,DDROP,,28bfc26a-443d-11ef-b4f6-6045bdd1caa7
2022-01-03 00:00:00,Ms,F,DMAIL,,28bfc274-443d-11ef-b4f6-6045bdd1caa7
2022-01-03 00:00:00,Ms,F,COLDTM,,28bfc292-443d-11ef-b4f6-6045bdd1caa7
2022-01-03 00:00:00,Mr,M,DDROP,,28bfc2a6-443d-11ef-b4f6-6045bdd1caa7
2022-01-03 00:00:00,Ms,F,RE,,28bfc2c4-443d-11ef-b4f6-6045bdd1caa7
2022-01-03 00:00:00,Mrs,F,DMAIL,,28bfc2e2-443d-11ef-b4f6-6045bdd1caa7
2022-01-03 00:00:00,Mrs,F,DDROP,,28bfc300-443d-11ef-b4f6-6045bdd1caa7
2022-01-03 00:00:00,,,DDROP,,28bfc31e-443d-11ef-b4f6-6045bdd1caa7
2022-01-03 00:00:00,Mr,M,RADIO,,28bfc33c-443d-11ef-b4f6-6045bdd1caa7
2022-01-03 00:00:00,Mr,M,DMAIL,,28bfc350-443d-11ef-b4f6-6045bdd1caa7
2022-01-03 00:00:00,Mrs,F,FSTOP,,28bfc364-443d-11ef-b4f6-6045bdd1caa7
2022-01-03 00:00:00,Mrs,F,DDROP,,28bfc36e-443d-11ef-b4f6-6045bdd1caa7
2022-01-03 00:00:00,Miss,F,DRTV,,28bfc382-443d-11ef-b4f6-6045bdd1caa7
2022-01-03 00:00:00,Mr,M,121,,28bfc38c-443d-11ef-b4f6-6045bdd1caa7
2022-01-03 00:00:00,Mrs,F,NATCOR,,28bfc3a0-443d-11ef-b4f6-6045bdd1caa7
2022-01-03 00:00:00,Mr,M,DDROP,,28bfc3b4-443d-11ef-b4f6-6045bdd1caa7
2022-01-03 00:00:00,Mrs,F,DMAIL,80.0,28bfc3be-443d-11ef-b4f6-6045bdd1caa7
2022-01-03 00:00:00,Mrs,F,COLDTM,,28bfc3d2-443d-11ef-b4f6-6045bdd1caa7
2022-01-03 00:00:00,Mr,M,000000,,28bfc3dc-443d-11ef-b4f6-6045bdd1caa7
2022-01-03 00:00:00,Mr,M,DDROP,,28bfc3f0-443d-11ef-b4f6-6045bdd1caa7
2022-01-03 00:00:00,Ms,F,INSERT,,28bfc3fa-443d-11ef-b4f6-6045bdd1caa7
2022-01-03 00:00:00,Ms,F,DRTV,,28bfc40e-443d-11ef-b4f6-6045bdd1caa7
2022-01-03 00:00:00,Mr,M,DRTV,,28bfc422-443d-11ef-b4f6-6045bdd1caa7
2022-01-03 00:00:00,Mrs,F,DRTV,,28bfc42c-443d-11ef-b4f6-6045bdd1caa7
2022-01-03 00:00:00,Mrs,F,DMAIL,,28bfc440-443d-11ef-b4f6-6045bdd1caa7
2022-01-03 00:00:00,Mrs,F,NATEVT,,28bfc44a-443d-11ef-b4f6-6045bdd1caa7
2022-01-03 00:00:00,Mrs,F,DDROP,,28bfc45e-443d-11ef-b4f6-6045bdd1caa7
2022-01-03 00:00:00,Mr,M,DRTV,,28bfc468-443d-11ef-b4f6-6045bdd1caa7
2022-01-03 00:00:00,Mrs,F,DDROP,,28bfc47c-443d-11ef-b4f6-6045bdd1caa7
2022-01-03 00:00:00,Miss,F,DDROP,,28bfc490-443d-11ef-b4f6-6045bdd1caa7
2022-01-03 00:00:00,Mrs,F,WARM,,28bfc49a-443d-11ef-b4f6-6045bdd1caa7
2022-01-03 00:00:00,Mrs,F,DDROP,,28bfc4ae-443d-11ef-b4f6-6045bdd1caa7
2022-01-03 00:00:00,Mrs,F,DDROP,,28bfc4b8-443d-11ef-b4f6-6045bdd1caa7
2022-01-03 00:00:00,Miss,F,DDROP,,28bfc4cc-443d-11ef-b4f6-6045bdd1caa7
2022-01-03 00:00:00,Mr,M,DRTV,,28bfc4d6-443d-11ef-b4f6-6045bdd1caa7
2022-01-03 00:00:00,Mrs,F,DMAIL,,28bfc4ea-443d-11ef-b4f6-6045bdd1caa7
2022-01-03 00:00:00,Mrs,F,FSTOP,,28bfc4fe-443d-11ef-b4f6-6045bdd1caa7
2022-01-03 00:00:00,Mr,M,COLDTM,,28bfc508-443d-11ef-b4f6-6045bdd1caa7
2022-01-03 00:00:00,Miss,F,DRTV,,28bfc51c-443d-11ef-b4f6-6045bdd1caa7
2022-01-03 00:00:00,Mrs,F,DRTV,,28bfc526-443d-11ef-b4f6-6045bdd1caa7
2022-01-03 00:00:00,Ms,F,DRTV,,28bfc53a-443d-11ef-b4f6-6045bdd1caa7
2022-01-03 00:00:00,Ms,F,DMAIL,,28bfc544-443d-11ef-b4f6-6045bdd1caa7
2022-01-03 00:00:00,Mr,M,DDROP,,28bfc558-443d-11ef-b4f6-6045bdd1caa7
2022-01-03 00:00:00,Miss,F,DRTV,,28bfc562-443d-11ef-b4f6-6045bdd1caa7
2022-01-03 00:00:00,Mrs,F,DRTV,,28bfc576-443d-11ef-b4f6-6045bdd1caa7
2022-01-03 00:00:00,Mr,M,ONLINE,81.0,28bfc580-443d-11ef-b4f6-6045bdd1caa7
2022-01-03 00:00:00,Mr,M,DDROP,,28bfc594-443d-11ef-b4f6-6045bdd1caa7
2022-01-03 00:00:00,Mrs,F,DDROP,,28bfc59e-443d-11ef-b4f6-6045bdd1caa7
2022-01-03 00:00:00,Mr,M,DRTV,,28bfc5b2-443d-11ef-b4f6-6045bdd1caa7
2022-01-03 00:00:00,Mr,M,COLDTM,,28bfc5bc-443d-11ef-b4f6-6045bdd1caa7
2022-01-03 00:00:00,Mrs,F,INSERT,,28bfc5d0-443d-11ef-b4f6-6045bdd1caa7
2022-01-03 00:00:00,Mr,M,DMAIL,,28bfc5da-443d-11ef-b4f6-6045bdd1caa7
2022-01-03 00:00:00,Mr,M,DDROP,8.0,28bfc5ee-443d-11ef-b4f6-6045bdd1caa7
2022-01-03 00:00:00,,,ONLINE,,28bfc60c-443d-11ef-b4f6-6045bdd1caa7
2022-01-03 00:00:00,Mrs,F,ONLINE,24.0,28bfc62a-443d-11ef-b4f6-6045bdd1caa7
2022-01-03 00:00:00,Mrs,F,DRTV,,28bfc648-443d-11ef-b4f6-6045bdd1caa7
2022-01-03 00:00:00,Mrs,F,ONLINE,,28bfc666-443d-11ef-b4f6-6045bdd1caa7
2022-01-03 00:00:00,Mr,M,DDROP,,28bfc684-443d-11ef-b4f6-6045bdd1caa7
2022-01-03 00:00:00,Mrs,F,DDROP,,28bfc6a2-443d-11ef-b4f6-6045bdd1caa7
2022-01-03 00:00:00,Mrs,F,DRTV,,28bfc6c0-443d-11ef-b4f6-6045bdd1caa7
2022-01-03 00:00:00,Mrs,F,DRTV,,28bfc6d4-443d-11ef-b4f6-6045bdd1caa7
2022-01-03 00:00:00,Mrs,F,DMAIL,,28bfc6fc-443d-11ef-b4f6-6045bdd1caa7
2022-01-03 00:00:00,Mrs,F,DRTV,,28bfc724-443d-11ef-b4f6-6045bdd1caa7
2022-01-03 00:00:00,Mr,M,DDROP,,28bfc72e-443d-11ef-b4f6-6045bdd1caa7
2022-01-03 00:00:00,Mrs,F,DMAIL,,28bfc742-443d-11ef-b4f6-6045bdd1caa7
2022-01-03 00:00:00,Mr,M,WARM,,28bfc74c-443d-11ef-b4f6-6045bdd1caa7
2022-01-03 00:00:00,Mrs,F,DRTV,,28bfc760-443d-11ef-b4f6-6045bdd1caa7
2022-01-03 00:00:00,Mr,M,DRTV,,28bfc774-443d-11ef-b4f6-6045bdd1caa7
2022-01-03 00:00:00,Miss,F,CATAL,,28bfc77e-443d-11ef-b4f6-6045bdd1caa7
2022-01-03 00:00:00,Mrs,F,RADIO,,28bfc792-443d-11ef-b4f6-6045bdd1caa7
2022-01-03 00:00:00,Mrs,F,DMAIL,,28bfc79c-443d-11ef-b4f6-6045bdd1caa7
2022-01-03 00:00:00,Mr,M,DMAIL,,28bfc7b0-443d-11ef-b4f6-6045bdd1caa7
2022-01-03 00:00:00,Mrs,F,DDROP,,28bfc7f6-443d-11ef-b4f6-6045bdd1caa7
2022-01-03 00:00:00,Mrs,F,PRESS,,28bfc814-443d-11ef-b4f6-6045bdd1caa7
2022-01-03 00:00:00,Mrs,F,NATEVT,,28bfc832-443d-11ef-b4f6-6045bdd1caa7
2022-01-03 00:00:00,Mr,M,DMAIL,,28bfc850-443d-11ef-b4f6-6045bdd1caa7
2022-01-03 00:00:00,Mrs,F,WARM,,28bfc8e6-443d-11ef-b4f6-6045bdd1caa7
2022-01-03 00:00:00,Mrs,F,INSERT,,28bfc8fa-443d-11ef-b4f6-6045bdd1caa7
2022-01-03 00:00:00,Mrs,F,DMAIL,,28bfc904-443d-11ef-b4f6-6045bdd1caa7
2022-01-03 00:00:00,Miss,F,ONLINE,,28bfc918-443d-11ef-b4f6-6045bdd1caa7
2022-01-03 00:00:00,Mrs,F,DMAIL,,28bfc92c-443d-11ef-b4f6-6045bdd1caa7
2022-01-03 00:00:00,Mr,M,DRTV,,28bfc936-443d-11ef-b4f6-6045bdd1caa7
2022-01-03 00:00:00,Mrs,F,DRTV,,28bfc94a-443d-11ef-b4f6-6045bdd1caa7
2022-01-03 00:00:00,Miss,F,DRTV,,28bfc954-443d-11ef-b4f6-6045bdd1caa7
2022-01-03 00:00:00,Mrs,F,WARM,,28bfc968-443d-11ef-b4f6-6045bdd1caa7
2022-01-03 00:00:00,Mr,M,DDROP,,28bfc97c-443d-11ef-b4f6-6045bdd1caa7
2022-01-03 00:00:00,Mrs,F,ONLINE,,28bfc990-443d-11ef-b4f6-6045bdd1caa7
2022-01-03 00:00:00,Mr,M,DMAIL,,28bfc9a4-443d-11ef-b4f6-6045bdd1caa7
2022-01-03 00:00:00,Mrs,F,DMAIL,,28bfc9ae-443d-11ef-b4f6-6045bdd1caa7
2022-01-03 00:00:00,Mrs,F,RADIO,,28bfc9c2-443d-11ef-b4f6-6045bdd1caa7
2022-01-03 00:00:00,Mrs,F,PRESS,,28bfc9cc-443d-11ef-b4f6-6045bdd1caa7
2022-01-03 00:00:00,Mrs,F,WARM,,28bfc9e0-443d-11ef-b4f6-6045bdd1caa7
2022-01-03 00:00:00,Mrs,F,121,,28bfc9f4-443d-11ef-b4f6-6045bdd1caa7
2022-01-03 00:00:00,Mrs,F,DDROP,,28bfc9fe-443d-11ef-b4f6-6045bdd1caa7
2022-01-03 00:00:00,,M,DDROP,,28bfca1c-443d-11ef-b4f6-6045bdd1caa7
2022-01-03 00:00:00,Mrs,F,DDROP,,28bfca3a-443d-11ef-b4f6-6045bdd1caa7
2022-01-03 00:00:00,Miss,F,DDROP,,28bfca58-443d-11ef-b4f6-6045bdd1caa7
2022-01-03 00:00:00,Mrs,F,DMAIL,,28bfca6c-443d-11ef-b4f6-6045bdd1caa7
2022-01-03 00:00:00,Mrs,F,DDROP,,28bfca94-443d-11ef-b4f6-6045bdd1caa7
2022-01-03 00:00:00,Mr,M,DRTV,,28bfcae4-443d-11ef-b4f6-6045bdd1caa7
2022-01-03 00:00:00,Mr,M,DDROP,,28bfcaee-443d-11ef-b4f6-6045bdd1caa7
2022-01-03 00:00:00,Mrs,F,ONLINE,,28bfcb02-443d-11ef-b4f6-6045bdd1caa7
2022-01-03 00:00:00,Dr,,DDROP,,28bfcb16-443d-11ef-b4f6-6045bdd1caa7
2022-01-03 00:00:00,Mr,M,DRTV,,28bfcb20-443d-11ef-b4f6-6045bdd1caa7
2022-01-03 00:00:00,Mrs,F,DMAIL,,28bfcb34-443d-11ef-b4f6-6045bdd1caa7
2022-01-03 00:00:00,Mrs,F,CATAL,,28bfcb3e-443d-11ef-b4f6-6045bdd1caa7
2022-01-03 00:00:00,Mrs,F,DRTV,,28bfcb52-443d-11ef-b4f6-6045bdd1caa7
2022-01-03 00:00:00,Mrs,F,DMAIL,,28bfcb5c-443d-11ef-b4f6-6045bdd1caa7
2022-01-03 00:00:00,Mrs,F,ONLINE,,28bfcb70-443d-11ef-b4f6-6045bdd1caa7
2022-01-03 00:00:00,Mr,M,PRESS,,28bfcb84-443d-11ef-b4f6-6045bdd1caa7
2022-01-03 00:00:00,Ms,F,121,,28bfcb8e-443d-11ef-b4f6-6045bdd1caa7
2022-01-03 00:00:00,Mrs,F,121,80.0,28bfcba2-443d-11ef-b4f6-6045bdd1caa7
2022-01-03 00:00:00,Mrs,F,RE,89.0,28bfcbac-443d-11ef-b4f6-6045bdd1caa7
2022-01-03 00:00:00,Mr,M,ONLINE,,28bfcbc0-443d-11ef-b4f6-6045bdd1caa7
2022-01-03 00:00:00,Mr,M,DDROP,,28bfcbd4-443d-11ef-b4f6-6045bdd1caa7
2022-01-03 00:00:00,Mrs,F,DMAIL,,28bfcbde-443d-11ef-b4f6-6045bdd1caa7
2022-01-03 00:00:00,Miss,F,INSERT,77.0,28bfcbf2-443d-11ef-b4f6-6045bdd1caa7
2022-01-03 00:00:00,Mr,M,DRTV,,28bfcc06-443d-11ef-b4f6-6045bdd1caa7
2022-01-03 00:00:00,Mrs,F,DRTV,,28bfcc10-443d-11ef-b4f6-6045bdd1caa7
2022-01-03 00:00:00,Mrs,F,COLDTM,,28bfcc24-443d-11ef-b4f6-6045bdd1caa7
2022-01-03 00:00:00,Ms,F,DRTV,,28bfcc2e-443d-11ef-b4f6-6045bdd1caa7
2022-01-03 00:00:00,Mr,M,000000,,28bfcc42-443d-11ef-b4f6-6045bdd1caa7
2022-01-03 00:00:00,Mrs,F,DDROP,,28bfcc56-443d-11ef-b4f6-6045bdd1caa7
2022-01-03 00:00:00,Miss,F,121,,28bfcc60-443d-11ef-b4f6-6045bdd1caa7
2022-01-03 00:00:00,,,ONLINE,,28bfcc74-443d-11ef-b4f6-6045bdd1caa7
2022-01-03 00:00:00,Mrs,F,DMAIL,,28bfcc88-443d-11ef-b4f6-6045bdd1caa7
2022-01-03 00:00:00,Mrs,F,DRTV,,28bfcc92-443d-11ef-b4f6-6045bdd1caa7
2022-01-03 00:00:00,Mr,M,WARM,,28bfcca6-443d-11ef-b4f6-6045bdd1caa7
2022-01-03 00:00:00,Miss,F,WARM,,28bfccb0-443d-11ef-b4f6-6045bdd1caa7
2022-01-03 00:00:00,Mrs,F,DMAIL,10.0,28bfccc4-443d-11ef-b4f6-6045bdd1caa7
2022-01-03 00:00:00,Mrs,F,DRTV,,28bfccd8-443d-11ef-b4f6-6045bdd1caa7
2022-01-03 00:00:00,,,ONLINE,,28bfcce2-443d-11ef-b4f6-6045bdd1caa7
2022-01-03 00:00:00,Mrs,F,DRTV,,28bfccf6-443d-11ef-b4f6-6045bdd1caa7
2022-01-03 00:00:00,Mrs,F,DMAIL,,28bfcd00-443d-11ef-b4f6-6045bdd1caa7
2022-01-03 00:00:00,Mrs,F,INSERT,,28bfcd14-443d-11ef-b4f6-6045bdd1caa7
2022-01-03 00:00:00,Mr,M,DMAIL,,28bfcd1e-443d-11ef-b4f6-6045bdd1caa7
2022-01-03 00:00:00,Mrs,F,FSTOP,,28bfcd32-443d-11ef-b4f6-6045bdd1caa7
2022-01-03 00:00:00,Mrs,F,DMAIL,,28bfcd3c-443d-11ef-b4f6-6045bdd1caa7
2022-01-03 00:00:00,Mrs,F,WARM,,28bfcd50-443d-11ef-b4f6-6045bdd1caa7
2022-01-03 00:00:00,Mrs,F,DMAIL,,28bfcd5a-443d-11ef-b4f6-6045bdd1caa7
2022-01-03 00:00:00,Mrs,F,DDROP,,28bfcd6e-443d-11ef-b4f6-6045bdd1caa7
2022-01-03 00:00:00,Mrs,F,121,,28bfcd82-443d-11ef-b4f6-6045bdd1caa7
2022-01-03 00:00:00,Mrs,F,COLDTM,,28bfcd8c-443d-11ef-b4f6-6045bdd1caa7
2022-01-03 00:00:00,Mr,M,DMAIL,81.0,28bfcda0-443d-11ef-b4f6-6045bdd1caa7
2022-01-03 00:00:00,Mr,M,DRTV,,28bfcdb4-443d-11ef-b4f6-6045bdd1caa7
2022-01-03 00:00:00,Mrs,F,DMAIL,,28bfcdc8-443d-11ef-b4f6-6045bdd1caa7
2022-01-03 00:00:00,Mrs,F,DRTV,,28bfcdd2-443d-11ef-b4f6-6045bdd1caa7
2022-01-03 00:00:00,Mr,M,DMAIL,,28bfcde6-443d-11ef-b4f6-6045bdd1caa7
2022-01-03 00:00:00,Mrs,F,DRTV,,28bfcdf0-443d-11ef-b4f6-6045bdd1caa7
2022-01-03 00:00:00,Mrs,F,DRTV,,28bfce04-443d-11ef-b4f6-6045bdd1caa7
2022-01-03 00:00:00,Mrs,F,INSERT,83.0,28bfce18-443d-11ef-b4f6-6045bdd1caa7
2022-01-03 00:00:00,Mrs,F,DMAIL,,28bfce22-443d-11ef-b4f6-6045bdd1caa7
2022-01-03 00:00:00,Mrs,F,PRESS,,28bfce36-443d-11ef-b4f6-6045bdd1caa7
2022-01-03 00:00:00,Mr,M,DDROP,,28bfce4a-443d-11ef-b4f6-6045bdd1caa7
2022-01-03 00:00:00,Miss,F,DMAIL,,28bfce5e-443d-11ef-b4f6-6045bdd1caa7
2022-01-03 00:00:00,Dr,,DDROP,,28bfce68-443d-11ef-b4f6-6045bdd1caa7
2022-01-03 00:00:00,Miss,F,DMAIL,,28bfce7c-443d-11ef-b4f6-6045bdd1caa7
2022-01-03 00:00:00,Mrs,F,DDROP,,28bfce86-443d-11ef-b4f6-6045bdd1caa7
2022-01-03 00:00:00,Mrs,F,COLDTM,,28bfce9a-443d-11ef-b4f6-6045bdd1caa7
2022-01-03 00:00:00,Mrs,F,DRTV,,28bfceae-443d-11ef-b4f6-6045bdd1caa7
2022-01-03 00:00:00,Mrs,F,DRTV,,28bfcec2-443d-11ef-b4f6-6045bdd1caa7
2022-01-03 00:00:00,Mrs,F,PRESS,,28bfced6-443d-11ef-b4f6-6045bdd1caa7
2022-01-03 00:00:00,Mrs,F,DMAIL,,28bfcee0-443d-11ef-b4f6-6045bdd1caa7
2022-01-03 00:00:00,Mr,M,DRTV,,28bfcef4-443d-11ef-b4f6-6045bdd1caa7
